,name,year,imdb,number_votes,age_rating,genres,directors
0,Uncharted 4: A Thief's End,2016,9.5,17731,14,"Action, Adventure, Drama",Neil Druckmann
1,Wiedzmin 3: Dziki Gon,2015,9.7,16155,16,"Action, Adventure, Drama",Konrad Tomaszkiewicz
2,Red Dead Redemption II,2018,9.7,15483,18,"Action, Adventure, Crime",Benjamin Byron Davis
3,God of War,2018,9.6,12785,18,"Action, Adventure, Drama",Cory Barlog
4,Batman: Arkham Knight,2015,9.0,12558,16,"Action, Adventure, Crime",Sefton Hill
5,Until Dawn,2015,8.9,10088,none,"Horror, Mystery, Thriller",Will Byles
6,Fallout 4,2015,8.7,9491,none,"Action, Adventure, Drama",Todd Howard
7,Spider-Man,2018,9.3,9247,12,"Action, Adventure, Fantasy",Ryan Smith
8,Detroit: Become Human,2018,9.3,8642,16,"Drama, Sci-Fi, Thriller",David Cage
9,Life Is Strange,2015,8.9,8451,16,"Adventure, Drama, Mystery",Raoul Barbet
10,Horizon Zero Dawn,2017,9.2,7052,none,"Action, Adventure, Fantasy",Mathijs de Jonge
11,Rise of the Tomb Raider,2015,8.6,6154,none,"Action, Adventure, Drama",Neil Huxley
12,Metal Gear Solid V: The Phantom Pain,2015,8.9,5338,none,"Action, Adventure, Crime",Hideo Kojima
13,The Witcher 3: Wild Hunt - Blood and Wine,2016,9.8,4802,none,"Action, Adventure, Crime",Konrad Tomaszkiewicz
14,Call of Duty: Black Ops III,2015,6.9,4776,14,"Action, Adventure, Horror",Jason Blundell
15,Battlefield 1,2016,8.2,4486,none,"Action, Adventure, Drama",Lars Gustavsson
16,Assassin's Creed: Syndicate,2015,8.0,4179,none,"Action, Adventure, Crime",Scott Phillips
17,Assassin's Creed: Origins,2017,8.7,4176,16,"Action, Adventure, Drama",Laurent Bernier
18,The Witcher 3: Wild Hunt - Hearts of Stone,2015,9.6,3939,none,"Action, Adventure, Crime",Konrad Tomaszkiewicz
19,Mass Effect: Andromeda,2017,6.6,3895,16,"Action, Adventure, Sci-Fi",Mac Walters
20,Uncharted: The Lost Legacy,2017,8.6,3779,none,"Action, Adventure, Drama",Shaun Escayg
21,Resident Evil 7: Biohazard,2017,8.7,3699,16,"Action, Adventure, Horror",Koushi Nakanishi
22,Star Wars: Battlefront,2015,6.7,3616,none,"Action, Fantasy, Sci-Fi",Hez Chorba
23,Zeruda no densetsu: Buresu obu za wairudo,2017,9.4,3576,none,"Action, Adventure, Family",Hidemaro Fujibayashi
24,Far Cry 5,2018,8.1,3573,18,"Action, Adventure, Drama",Patrick Methe
25,Doom,2016,8.6,3467,none,"Action, Adventure, Horror",Marty Stratton
26,Call of Duty: WWII,2017,7.9,3444,none,"Action, Adventure, Drama",Michael Condrey
27,Wolfenstein II: The New Colossus,2017,7.9,3320,none,"Action, Adventure, Drama",Fredrik Ljungdahl
28,Overwatch,2016,8.5,3249,12,"Action, Adventure, Family",Jeffrey Kaplan
29,Star Wars: Battlefront II,2017,6.6,3013,12,"Action, Adventure, Fantasy",Hez Chorba
30,Uncharted: The Nathan Drake Collection,2015,9.4,2971,none,"Action, Adventure, Fantasy",Amy Hennig
31,Star Wars Jedi: Fallen Order,2019,8.9,2943,none,"Action, Adventure, Fantasy",Stig Asmussen
32,Fortnite,2017,4.7,2822,12,"Action, Adventure, Comedy",Darren Sugg
33,Bloodborne,2015,9.2,2798,none,"Action, Adventure, Fantasy",Hidetaka Miyazaki
34,Call of Duty: Infinite Warfare,2016,6.1,2738,none,"Action, Adventure, Sci-Fi",Brian Bloom
35,Death Stranding,2019,9.1,2717,16,"Action, Adventure, Drama",Hideo Kojima
36,Assassin's Creed: Odyssey,2018,8.6,2704,18,"Action, Adventure, Fantasy",Jonathan Dumont
37,Mortal Kombat X,2015,8.4,2580,18,"Action, Adventure, Fantasy",Dominic Cianciolo
38,Dying Light,2015,8.2,2542,16,"Action, Horror, Thriller",Adrian Ciszewski
39,Resident Evil 2,2019,9.2,2535,16,"Action, Horror, Thriller",Yasuhiro Anpo
40,Mafia III,2016,7.0,2417,none,"Action, Adventure, Crime",Haden Blackman
41,Firewatch,2016,8.3,2384,none,"Adventure, Drama, Mystery",Jake Rodkin
42,Batman: The Telltale Series,2016,8.1,2373,16,"Action, Crime, Drama",Mark Droste
43,Shadow of the Tomb Raider,2018,8.1,2339,16,"Action, Adventure, Fantasy",Remi Lacoste
44,Mad Max,2015,7.9,2242,none,"Action, Adventure, Drama",Frank Rooke
45,Injustice 2,2017,8.8,2164,14,"Action, Adventure, Fantasy",Ed Boon
46,Life Is Strange: Before the Storm,2017,8.0,2145,18,"Adventure, Drama, Mystery",William Beacham
47,Watch Dogs 2,2016,7.6,2135,16,"Action, Adventure, Comedy",Danny Bélanger
48,Dark Souls III,2016,9.1,2131,14,"Action, Adventure, Fantasy",Hidetaka Miyazaki
49,Halo 5: Guardians,2015,7.4,2056,14,"Action, Adventure, Family",Brien Goodrich
50,Super Mario Odyssey,2017,9.0,2048,Livre,"Action, Adventure, Family",Kenta Motokura
51,The Walking Dead: The Game - Season 3,2016,7.8,2043,none,"Action, Adventure, Drama",Rebekah Gamin
52,Far Cry Primal,2016,7.4,2024,18,"Action, Adventure, History",Jean-Christophe Guyot
53,Destiny 2,2017,7.6,1995,none,"Action, Adventure, Fantasy",Christopher Barrett
54,Titanfall 2,2016,8.6,1879,16,"Action, Sci-Fi, War",Steve Fukuda
55,Hellblade: Senua's Sacrifice,2017,8.9,1874,18,"Action, Adventure, Fantasy",Tameem Antoniades
56,Rocket League,2015,8.0,1869,Livre,"Action, Family, Sci-Fi",Thomas Silloway
57,Battlefield: Hardline,2015,6.5,1828,none,"Action, Adventure, Crime",Ian Milham
58,Days Gone,2019,8.5,1783,16,"Action, Adventure, Drama",John Garvin
59,Final Fantasy XV,2016,8.3,1773,none,"Action, Adventure, Fantasy",Hajime Tabata
60,Inside,2016,8.9,1761,none,"Adventure, Sci-Fi, Thriller",Arnt Jensen
61,Dishonored 2,2016,8.4,1728,none,"Action, Adventure, Fantasy",Raphael Colantonio
62,The Order: 1886,2015,7.4,1671,none,"Action, Adventure, Fantasy",Dana Jan
63,Undertale,2015,8.9,1591,10,"Adventure, Comedy, Drama",Toby Fox
64,Call of Duty: Modern Warfare,2019,8.7,1581,none,Action,Chad Michael Collins
65,Just Cause 3,2015,7.2,1547,16,"Action, Adventure, Crime",Roland Lesterlin
66,Rainbow Six: Siege,2015,8.0,1524,none,"Action, Crime, Thriller",Angela Bassett
67,Wolfenstein: The Old Blood,2015,7.8,1497,none,"Action, Adventure, Horror",Brian Bloom
68,Persona 5,2016,9.4,1495,14,"Adventure, Crime, Fantasy",Katsura Hashino
69,The Division,2016,7.4,1443,16,"Action, Adventure",Magnus Jansén
70,What Remains of Edith Finch,2017,8.8,1435,14,"Adventure, Drama, Mystery",Ian Dallas
71,Terra-Média: Sombras da Guerra,2017,8.4,1406,none,"Action, Adventure, Fantasy",JB Blanc
72,Hitman,2016,8.1,1392,none,"Action, Adventure, Crime",Ryan Barnard
73,The Evil Within 2,2017,8.4,1390,18,"Action, Adventure, Drama",John Johanas
74,Deus Ex: Mankind Divided,2016,8.0,1390,none,"Action, Drama, Mystery",Jean-François Dugas
75,NieR: Automata,2017,9.0,1344,12,"Action, Adventure, Sci-Fi",Yoko Taro
76,Call of Duty: Black Ops 4,2018,5.8,1321,none,"Action, Adventure, Sci-Fi",Jason Blundell
77,Mortal Kombat 11,2019,7.4,1256,18,"Action, Adventure, Fantasy",Ed Boon
78,Outlast 2,2017,7.7,1250,18,"Horror, Mystery, Thriller",Alex Weiner
79,Super Smash Bros. Ultimate,2018,9.1,1230,none,"Action, Adventure, Family",Masahiro Sakurai
80,Call of Duty: Modern Warfare Remastered,2016,8.4,1229,none,"Action, Adventure, Thriller",Jason West
81,Gears of War 4,2016,7.9,1219,none,"Action, Adventure, Fantasy",Rod Fergusson
82,Quantum Break,2016,7.8,1206,16,"Action, Crime, Mystery",Mikael Kasurinen
83,Ratchet & Clank,2016,8.3,1189,10,"Animation, Action, Adventure",Brian Allgeier
84,Kingdom Hearts III,2019,8.7,1185,10,"Action, Adventure, Comedy",Tetsuya Nomura
85,PlayerUnknown's Battlegrounds,2017,6.7,1171,16,"Action, Adventure, Thriller",Brendan Greene
86,The Walking Dead: Michonne,2016,7.2,1163,none,"Action, Adventure, Horror",Kent Mudle
87,Ghost Recon: Wildlands,2017,7.8,1121,16,Action,Laurent Bernier
88,Soma,2015,8.5,1103,none,"Horror, Mystery, Sci-Fi",Jared Zeus
89,Mario Kart 8 Deluxe,2017,8.7,1101,none,"Action, Adventure, Family",Yusuke Shiraiwa
90,South Park: The Fractured But Whole,2017,8.4,1087,18,"Animation, Action, Adventure",Chris 'Crispy' Brion
91,Battlefield V,2018,5.3,1070,none,"Action, War",Pelle Hallert
92,FIFA 16,2015,7.2,1065,none,"Action, Family, Sport",Parveen Dosanjh
93,FIFA 17,2016,7.4,1061,none,Sport,Dylan Akio Smith
94,Cuphead,2017,8.6,1005,Livre,"Animation, Action, Adventure",Chad Moldenhauer
95,Prey,2017,8.1,999,14,"Action, Adventure, Horror",Raphael Colantonio
96,FIFA 18,2017,7.1,994,none,Sport,Dylan Akio Smith
97,Crash Bandicoot N. Sane Trilogy,2017,8.6,994,Livre,"Action, Adventure, Comedy",Dan Tanguay
98,Hitokui no ôwashi toriko,2016,8.4,975,12,"Action, Adventure, Family",Fumito Ueda
99,Shadow of the Colossus,2018,8.9,966,none,"Action, Adventure, Fantasy",Fumito Ueda
100,The Walking Dead: The Final Season,2018,8.7,963,none,"Action, Adventure, Drama",Vahram Antonian
101,Apex Legends,2019,7.3,955,14,"Action, Sci-Fi",JB Blanc
102,A Way Out,2018,8.1,941,16,"Action, Adventure, Crime",Josef Fares
103,Metro Exodus,2019,8.2,922,16,"Action, Adventure, Horror",Andrew Prokhorov
104,Batman: The Enemy Within,2017,8.6,921,none,"Action, Crime, Drama",Sean Manning
105,The Divergent Series: Insurgent - Shatter Reality,2015,6.2,913,none,"Short, Action",Cory Strassburger
106,Sekiro: Shadows Die Twice,2019,8.5,912,18,"Action, Adventure, Fantasy",Hidetaka Miyazaki
107,Lego Star Wars: The Force Awakens,2016,8.0,908,none,"Action, Adventure, Comedy",Hez Chorba
108,Devil May Cry 5,2019,8.8,903,16,"Action, Adventure, Fantasy",Hideaki Itsuno
109,Fallout 76,2018,3.3,899,16,"Action, Adventure, Mystery",Todd Howard
110,Little Nightmares,2017,8.4,887,14,"Adventure, Horror",Anna Moberg
111,Friday the 13th: The Game,2017,7.6,878,18,"Horror, Thriller",Randy Greenback
112,Lego Jurassic World,2015,8.0,848,Livre,"Action, Adventure, Comedy",Jon Burton
113,No Man's Sky,2016,5.5,848,10,"Adventure, Family, Fantasy",Sean Murray
114,FIFA 19,2018,6.4,836,Livre,Sport,Dylan Akio Smith
115,Baiohazâdo reberêshonzu 2,2015,7.5,802,none,"Action, Adventure, Horror",Koushi Nakanishi
116,Ori and the Blind Forest,2015,8.9,778,none,"Adventure, Fantasy",Thomas Mahler
117,Minecraft: Story Mode - A Telltale Games Series,2015,6.6,777,none,"Adventure, Comedy, Family",Jason Latino
118,Horizon Zero Dawn: The Frozen Wilds,2017,8.9,770,none,"Action, Fantasy",Mathijs de Jonge
119,Sonic Mania Plus,2018,8.1,767,none,"Action, Adventure, Family",Lynn Harris
120,World of Warcraft: Legion,2016,8.2,764,none,"Action, Adventure, Fantasy",Tom Chilton
121,Batman: Return to Arkham,2016,9.3,761,none,"Action, Adventure, Crime",Sefton Hill
122,Lego Marvel's Avengers,2016,8.1,754,Livre,"Action, Adventure, Comedy",Arthur Parsons
123,StarCraft II: Legacy of the Void,2015,8.8,739,none,Sci-Fi,Dustin Browder
124,Sonic Mania,2017,8.6,734,none,"Animation, Action, Adventure",Lynn Harris
125,Grim Fandango: Remastered,2015,8.8,734,12,Adventure,Tim Schafer
126,The Outer Worlds,2019,8.4,727,16,"Action, Adventure, Sci-Fi",Leonard Boyarsky
127,Resident Evil HD Remaster,2015,8.9,726,none,"Action, Adventure, Horror",Takumi Kataoka
128,Bloodborne: The Old Hunters,2015,9.4,716,none,Action,Hidetaka Miyazaki
129,Mirror's Edge: Catalyst,2016,6.9,693,14,"Action, Adventure, Crime",Tom Keegan
130,Saints Row: Gat Out of Hell,2015,6.4,689,14,"Action, Adventure, Comedy",Daniel Dae Kim
131,Far Cry New Dawn,2019,6.5,687,16,"Action, Adventure, Drama",Jean-Sebastien Decant
132,Everybody's Gone to the Rapture,2015,7.4,675,14,"Action, Adventure, Mystery",Kate Saxon
133,Destiny: The Taken King,2015,8.5,672,none,Sci-Fi,Luke Smith
134,Need for Speed,2015,6.8,669,none,"Crime, Family, Sport",Craig Sullivan
135,Oxenfree,2016,8.1,669,none,"Adventure, Thriller",Adam Hines
136,The Awesome Adventures of Captain Spirit,2018,7.3,661,14,"Adventure, Drama",Raoul Barbet
137,Borderlands 3,2019,8.3,652,none,"Action, Adventure, Comedy",Paul Sage
138,For Honor,2017,6.5,638,16,Action,Laurent Bernier
139,Life Is Strange 2,2018,6.9,637,14,Drama,Raoul Barbet
140,Pokémon GO,2016,6.5,630,none,"Action, Adventure, Family",Ektor Pan
141,Guardians of the Galaxy: The Telltale Series,2017,7.8,625,12,"Action, Adventure, Comedy",Jonathan Stauder
142,The Dark Pictures: Man of Medan,2019,6.8,619,none,"Adventure, Drama, Horror",Tom Heaton
143,A Plague Tale: Innocence,2019,8.5,616,none,"Action, Adventure, Horror",Kevin Choteau
144,Control,2019,8.4,611,16,"Action, Adventure, Sci-Fi",Mikael Kasurinen
145,Hotline Miami 2: Wrong Number,2015,7.8,606,none,"Action, Crime, Thriller",Jonatan Söderström
146,Lego Dimensions,2015,7.7,603,none,"Action, Adventure, Comedy",James McLoughlin
147,Kingdom Come: Deliverance,2018,8.4,602,none,"Action, Adventure, Drama",Daniel Vávra
148,Nioh,2017,8.1,599,16,"Action, Adventure, Fantasy",Yosuke Hayashi
149,Abzû,2016,7.7,569,Livre,Adventure,Matt Nava
150,Super Mario Maker,2015,8.2,558,none,"Action, Adventure, Family",Yosuke Oshino
151,Tekken 7,2015,7.5,555,12,"Action, Adventure, Drama",Katsuhiro Harada
152,Doki Doki Literature Club!,2017,8.2,553,none,"Drama, Horror, Romance",Dan Salvato
153,Sonic Forces,2017,6.1,548,Livre,"Animation, Action, Adventure",Morio Kishimoto
154,Five Nights at Freddy's 3,2015,6.4,548,none,Horror,Scott Cawthon
155,NBA 2K16,2015,6.7,543,none,Sport,Spike Lee
156,Anthem,2019,5.4,542,14,"Action, Adventure, Sci-Fi",Jon Warner
157,Ryû ga gotoku Zero: Chikai no basho,2015,9.0,539,none,Action,Kazuki Hosokawa
158,XCom 2,2016,8.3,533,none,"Action, Sci-Fi",Jacob Solomon
159,Wreck-it Ralph: Ralph Breaks VR,2018,7.2,526,none,"Action, Fantasy",none
160,Unravel,2016,8.0,515,none,"Adventure, Fantasy",Martin Sahlin
161,Hitman 2,2018,8.3,511,none,"Action, Adventure, Comedy",Jacob Mikkelsen
162,Gears of War: Ultimate Edition,2015,8.5,505,none,"Action, Adventure, Sci-Fi",Kyle Gaulin
163,Civilization VI,2016,8.1,504,10,"Action, Family, History",Sean Bean
164,Forza Horizon 4,2018,8.8,483,none,"Action, Adventure, Crime",Joanne King
165,Forza Horizon 3,2016,8.7,482,Livre,"Action, Adventure, Crime",Ralph Fulton
166,Dishonored: Death of the Outsider,2017,7.9,481,none,"Action, Adventure, Fantasy",Harvey Smith
167,Back to the Future: The Game - 30th Anniversary Edition,2015,8.1,480,none,"Action, Adventure, Comedy",Dave Grossman
168,Superhot,2016,7.6,478,12,"Action, Sci-Fi",Piotr Iwanicki
169,Spyro Reignited Trilogy,2018,8.7,475,none,"Action, Adventure, Comedy",Tom Kenny
170,Jurassic World Evolution,2018,7.7,472,12,"Adventure, Family, Horror",Michael Brookes
171,Gears 5,2019,8.0,471,none,"Action, Adventure, Sci-Fi",Rod Fergusson
172,Monster Hunter: World,2018,7.8,466,12,"Action, Adventure, Family",Kaname Fujioka
173,Heroes of the Storm,2015,7.1,458,none,"Action, Adventure",Dustin Browder
174,Five Nights at Freddy's 4: The Final Chapter,2015,6.6,458,none,"Horror, Mystery, Thriller",Scott Cawthon
175,Need for Speed: Payback,2017,6.5,454,none,"Action, Adventure, Crime",William Ho
176,Kingdom Hearts HD 1.5 + 2.5 Remix,2017,9.3,445,none,"Adventure, Family, Fantasy",Tetsuya Nomura
177,Hollow Knight,2017,8.6,441,10,"Animation, Action, Adventure",none
178,The Legend of Zelda: Twilight Princess HD,2016,8.8,441,none,"Action, Adventure, Crime",Eiji Aonuma
179,Stardew Valley,2016,8.4,424,10,"Adventure, Family, Fantasy",Eric Barone
180,Dead by Daylight,2016,7.3,420,18,"Adventure, Horror, Thriller",Ashley Pannell
181,Vampyr,2018,7.2,420,18,"Action, Drama, Fantasy",Philippe Moreau
182,Destiny: Rise of Iron,2016,7.9,412,none,"Action, Adventure, Sci-Fi",Christopher Barrett
183,Sniper Elite 4,2017,7.5,411,none,"Action, Adventure, War",Tom Clarke Hill
184,Assassin's Creed: Unity - Dead Kings,2015,6.9,408,none,"Action, Adventure, Fantasy",Florent Sacre
185,The Legend of Zelda: Majora's Mask 3D,2015,8.8,407,none,"Action, Adventure, Crime",Mikiharu Oiwa
186,Fallout Shelter,2015,6.2,405,none,"Family, Sci-Fi",Todd Howard
187,Lego Marvel Super Heroes 2,2017,7.7,394,none,"Action, Adventure, Family",Karsten Lund
188,Layers of Fear,2015,7.2,389,none,"Adventure, Horror",Erik Braa
189,The Division 2,2019,8.0,387,none,"Action, Adventure",Julian Gerighty
190,Splatoon,2015,7.8,385,none,"Action, Adventure, Comedy",Yusuke Amano
191,Kingdom Hearts HD 2.8 Final Chapter Prologue,2017,8.8,378,none,"Action, Adventure, Family",Tetsuya Nomura
192,Doragon bôru: Zenobâsu,2015,7.5,371,none,"Action, Adventure, Fantasy",Yuka Kobayashi
193,World of Warcraft: Battle for Azeroth,2018,7.1,366,none,"Adventure, Drama, Fantasy",Alex Afrasiabi
194,Dead Rising 4,2016,7.0,360,18,"Action, Adventure, Comedy",Joe Nickolls
195,The Witness,2016,7.8,359,none,"Adventure, Fantasy, Mystery",Jonathan Blow
196,The Beginner's Guide,2015,8.3,353,none,Adventure,Davey Wreden
197,Dragon Ball FighterZ,2018,8.1,351,10,"Animation, Action, Fantasy",Junya Motomura
198,Splatoon 2,2017,7.7,349,none,"Action, Adventure, Comedy",Yusuke Amano
199,Fifa 20,2019,4.9,349,none,Sport,Rhiann Connor
200,Rime,2017,7.6,347,none,"Adventure, Fantasy, Mystery",Raúl Rubio Munárriz
201,WWE 2K16,2015,6.9,344,none,Sport,Steve Austin
202,Rage 2,2019,6.5,338,none,"Action, Sci-Fi",Tim Willits
203,Divinity: Original Sin II,2017,8.8,338,none,"Adventure, Fantasy",Swen Vincke
204,NBA 2K17,2016,7.6,338,none,Sport,Aaron Covington
205,Poketto Monsutâ San,2016,8.2,326,none,"Action, Adventure, Family",Shigeru Ohmori
206,Street Fighter V,2016,6.4,326,12,"Action, Fantasy, Sci-Fi",Jonathan Klein
207,Celeste,2018,8.6,324,Livre,"Action, Adventure, Family",none
208,Assassin's Creed: The Ezio Collection,2016,9.0,324,none,"Action, Adventure, Fantasy",Roger Craig Smith
209,Star Wars: The Old Republic - Knights of the Fallen Empire,2015,8.5,322,none,"Action, Adventure, Fantasy",Ben Irving
210,Wolfenstein: Youngblood,2019,4.9,321,none,"Action, Adventure, Comedy",Dinga Bakaba
211,Kung Fury: Street Rage,2015,7.6,320,none,"Action, Sci-Fi",none
212,Ryuu ga gotoku: Kiwami,2016,8.2,320,none,"Action, Adventure, Crime",Hiroyuki Sakamoto
213,Disney Infinity 3.0,2015,7.0,317,none,Action,Mo Davoudian
214,Evolve,2015,5.8,316,14,"Action, Adventure, Sci-Fi",Daniel D. Gregoire
215,Pro Evolution Soccer 2017,2016,7.0,310,none,"Action, Adventure, Sport",Yoshikatsu Ogihara
216,Poketto Monsutâ Mûn,2016,8.0,304,none,"Action, Adventure, Family",Shigeru Ohmori
217,Subnautica,2018,8.4,303,none,"Action, Adventure, Horror",Charlie Cleveland
218,Observer,2017,7.5,303,none,"Adventure, Drama, Horror",Mariusz Szaflik
219,Five Nights at Freddy's: Sister Location,2016,7.0,300,16,Horror,Scott Cawthon
220,Cities: Skylines,2015,7.9,299,none,Adventure,none
221,Just Cause 4,2018,5.9,292,none,"Action, Adventure, Crime",Francesco Antolini
222,Pillars of Eternity,2015,7.9,286,16,"Adventure, Fantasy",Chris Avellone
223,Assassin's Creed: Syndicate - Jack the Ripper,2015,7.7,279,none,"Action, Adventure, Crime",Scott Phillips
224,NBA 2K18,2017,6.4,274,none,Sport,Christian Papierniak
225,NBA 2k19,2018,6.7,271,none,Sport,Christian Papierniak
226,Halo Wars 2,2017,7.4,269,14,"Action, Sci-Fi, War",Alistair Hope
227,Crash Team Racing: Nitro-Fueled,2019,8.5,262,Livre,"Adventure, Comedy, Sport",Philippe Turcotte
228,Lego DC Super-Villains,2018,7.9,262,none,"Action, Adventure, Comedy",Andrew Holt
229,Destiny 2: Forsaken,2018,7.8,261,none,"Action, Adventure, Fantasy",Scott Taylor
230,Darksiders III,2018,6.7,261,none,Fantasy,John Pearl
231,Call of Cthulhu: The Official Video Game,2018,7.8,252,none,"Adventure, Horror, Mystery",Jeremie Monedero
232,Mario + Rabbids Kingdom Battle,2017,7.3,250,Livre,"Action, Adventure, Comedy",Davide Soliani
233,Super Mario Party,2018,7.5,248,Livre,"Action, Adventure, Family",Shuichiro Nishiya
234,Dragon Age: Inquisition - Trespasser,2015,8.5,248,none,Fantasy,Mike Laidlaw
235,Fire Emblem: Fates,2015,7.6,245,none,"Action, Adventure, Family",Kouhei Maeda
236,Night in the Woods,2017,8.2,240,none,"Animation, Drama, Mystery",Alec Holowka
237,Assassin's Creed: Chronicles,2015,6.3,236,none,"Action, Adventure",Johnny Neal
238,Mario Party 10,2015,6.1,234,none,"Action, Adventure, Family",Kenji Kikuchi
239,Ni no Kuni II: Revenant Kingdom,2018,8.4,232,none,"Adventure, Fantasy",Akihiro Hino
240,New Danganronpa V3: Minna no Koroshiai Shingakki,2017,8.3,231,16,"Comedy, Drama, Sci-Fi",Sayaka Kanda
241,Naruto Shippuden: Ultimate Ninja Storm 4,2016,8.2,230,12,"Action, Adventure, Comedy",Yohei Ishibashi
242,WWE 2K17,2016,7.1,229,none,"Action, Family, Sport",Jerry Lawler
243,Gran Turismo Sport,2017,7.3,223,none,Sport,Kazunori Yamauchi
244,Sea of Thieves,2018,5.7,223,12,"Action, Adventure, Fantasy",Gregg Mayles
245,Forza Motorsport 6,2015,8.0,222,none,"Action, Adventure, Family",Rebecca Riedy
246,Marvel vs. Capcom: Infinite,2017,6.3,218,12,"Action, Adventure, Sci-Fi",Norio Hirose
247,Enderal: The Shards of Order,2016,8.6,216,none,"Action, Adventure, Fantasy",Nicolas Lietzau
248,Doragon kuesuto XI: Sugisarishi toki o motomete,2017,8.8,215,10,"Adventure, Family, Fantasy",Takeshi Uchikawa
249,Her Story,2015,7.7,213,none,"Adventure, Crime, Mystery",Sam Barlow
250,Metal Gear Survive,2018,1.8,210,14,"Action, Adventure, Horror",Youta Tsutsumizaki
251,Batman: Arkham VR,2016,7.2,210,none,"Action, Adventure, Crime",Sefton Hill
252,Tom Clancy's Ghost Recon Breakpoint,2019,5.2,210,none,"Action, War",Elie Benhamou
253,Hidden Agenda,2017,7.2,208,none,"Crime, Drama, Mystery",Will Doyle
254,Doragon bôru: Zenobâsu 2,2016,7.0,208,10,"Animation, Action, Adventure",Yuka Kobayashi
255,Homefront: The Revolution,2016,5.2,206,none,"Action, Adventure, Drama",Hasit Zala
256,Blair Witch,2019,6.6,205,none,"Adventure, Horror, Mystery",Mateusz Lenart
257,"Pokémon: Let's Go, Pikachu!",2018,7.4,201,none,"Action, Adventure, Family",Junichi Masuda
258,WWE 2K18,2017,6.5,200,12,Sport,Colby Lopez
259,Pro Evolution Soccer 2016,2015,6.9,198,none,"Action, Adventure, Sport",Yoshikatsu Ogihara
260,Faiâ emuburemu: Fuuka setsugetsu,2019,8.8,197,none,"Action, Adventure, Drama",Toshiyuki Kusakihara
261,Madden NFL 18: Longshot,2017,6.9,197,none,"Drama, Sport",Michael Young
262,The Legend of Zelda: Link's Awakening,2019,8.5,195,none,"Action, Adventure, Family",Mikiharu Oiwa
263,State of Decay 2,2018,6.5,193,none,"Action, Horror, Thriller",Kevin McMullan
264,ARK: Survival Evolved,2016,6.3,193,14,"Action, Adventure, Sci-Fi",Jesse Rapczak
265,Ryuu ga gotoku: Kiwami 2,2017,8.9,190,16,Action,Hiroyuki Sakamoto
266,Clash Royale,2016,6.8,190,none,"Action, Fantasy",Will Choi
267,We Happy Few,2018,7.0,189,18,"Sci-Fi, Thriller",Guillaume Provost
268,Killing Floor 2,2015,7.2,189,none,Horror,Lynn Andrews III
269,Yakuza 6,2016,8.7,188,18,"Action, Adventure, Crime",Hiroyuki Sakamoto
270,Thimbleweed Park,2017,8.2,187,none,"Adventure, Comedy, Fantasy",Nicole Oliver
271,WWE 2K19,2018,7.2,186,none,Sport,A.J. Styles
272,Minecraft: Story Mode - Season 2,2017,7.4,186,12,"Adventure, Comedy",Mark Droste
273,Transformers: Devastation,2015,7.0,185,none,"Action, Family, Sci-Fi",Kenji Saito
274,Forza Motorsport 7,2017,7.9,183,none,"Action, Adventure, Family",Katherine Kingsley
275,Zenobureido 2,2017,8.4,183,none,"Action, Adventure, Family",Ko Kojima
276,Star Wars: The Old Republic - Knights of the Eternal Throne,2016,8.2,183,none,Action,Charles Boyd
277,The Long Dark,2017,8.3,181,none,"Adventure, Drama, Mystery",Raphael van Lierop
278,Mario Tennis Aces,2018,7.2,180,none,"Action, Sport",Shugo Takahashi
279,Soulcalibur VI,2018,7.6,179,none,"Action, Adventure, Family",Daishi Odashima
280,Syberia III,2017,8.3,177,none,"Adventure, Fantasy",Benoît Sokal
281,Marvel Avengers Academy,2016,6.8,173,none,"Action, Adventure, Comedy",Jesse Adam
282,Total War: Attila,2015,8.0,173,none,"Action, History, War",Gaspar Janos
283,Gris,2018,8.6,172,none,Adventure,none
284,XCOM 2: War of the Chosen,2017,8.5,172,none,"Action, Sci-Fi",Jacob Solomon
285,Project Cars,2015,6.8,172,none,Sport,Ian Bell
286,Five Nights at Freddy's World,2016,5.2,168,none,"Adventure, Fantasy",Scott Cawthon
287,Lego The Incredibles,2018,7.1,166,none,"Action, Adventure, Comedy",Pete Gomer
288,Sherlock Holmes: The Devils Daughter,2016,7.5,166,14,Adventure,Aurélie Ludot
289,Dead or Alive 5: Last Round,2015,7.8,166,16,Action,Laura Bailey
290,Super Mario Maker 2,2019,8.8,164,none,"Action, Family",Yosuke Oshino
291,Luigi's Mansion,2018,8.3,164,none,"Adventure, Comedy, Horror",Katsumi Kuga
292,Luigi's Mansion 3,2019,8.6,162,none,"Adventure, Comedy, Family",Devon Blanchet
293,Deltarune,2018,8.4,161,none,"Adventure, Comedy, Fantasy",Toby Fox
294,Bendy and the Ink Machine,2017,7.2,161,none,"Adventure, Fantasy, Horror",TheMeatly
295,Total War: Warhammer,2016,7.7,161,none,"Action, Adventure, Fantasy",Ian Roxburgh
296,Zenobureido kurosu,2015,8.1,161,none,"Action, Adventure, Crime",Ko Kojima
297,Yooka-Laylee,2017,6.3,158,Livre,"Animation, Action, Adventure",Chris Sutherland
298,Erica,2019,7.9,156,none,"Drama, Thriller",Jack Attridge
299,Fran Bow,2015,8.7,154,none,"Adventure, Horror, Mystery",Natalia Figueroa
300,Nyû Sûpâ Mario Burazâzu Yû Derakkusu,2019,8.0,152,none,"Action, Adventure, Fantasy",Shiro Mouri
301,A Hat in Time,2017,8.2,151,none,"Animation, Action, Adventure",Jonas Kærlev
302,Agents of Mayhem,2017,6.3,150,none,"Action, Adventure, Crime",Cherise Boothe
303,Madden NFL 16,2015,7.2,150,none,Sport,Mandell Frazier
304,Pokemon urutora mûn,2017,7.6,148,none,"Action, Adventure, Family",Kazumasa Iwao
305,Attack on Titan 2,2018,8.2,147,none,Action,Hideo Suzuki
306,Star Fox Zero,2016,6.5,146,none,"Action, Adventure, Family",Yusuke Hashimoto
307,King's Quest,2015,8.0,146,none,"Adventure, Fantasy",Matt Korba
308,Overcooked,2016,7.8,145,none,"Action, Family",none
309,Paladins,2016,7.1,145,none,Action,Todd Harris
310,The Bunker,2016,7.1,145,none,Horror,Allan Plenderleith
311,Steep,2016,6.4,144,none,"Action, Sport",Igor Manceau
312,Der Eisendrache,2016,8.9,144,none,"Action, Drama, Horror",Corky Lehmkuhl
313,"Pokémon: Let's Go, Eevee!",2018,7.3,143,none,"Action, Adventure, Family",Junichi Masuda
314,Sonic Boom: Fire & Ice,2016,6.7,143,none,"Adventure, Family",Tin Guerrero
315,Yoshi's Woolly World,2015,7.7,142,none,"Action, Adventure",Atsushi Kono
316,Metroid: Samus Returns,2017,8.1,142,none,"Action, Adventure, Family",Takehiko Hosokawa
317,Pokémon Ultra Sol,2017,7.6,142,none,"Action, Adventure",Kazumasa Iwao
318,World War Z,2019,6.7,139,none,"Action, Horror",Yoshi Ando
319,Total War: Warhammer II,2017,8.7,138,none,"Action, Adventure, Fantasy",Ian Roxburgh
320,Faiâ enburemu hîrôzu,2017,6.9,138,none,"Action, Adventure, Family",Kouhei Maeda
321,Poketto monsutâ sôdo,2019,6.8,137,none,"Action, Adventure, Fantasy",Shigeru Ohmori
322,Harry Potter: Hogwarts Mystery,2018,5.4,137,none,"Action, Adventure, Family",Chris DeWolfe
323,Arms,2017,7.0,137,none,"Action, Sport",Masaaki Ishikawa
324,The Crew 2,2018,6.5,136,none,"Action, Adventure, Crime",Stéphane Beley
325,Crackdown 3,2019,5.8,133,16,Action,Gareth Wilson
326,Dead Cells,2018,7.6,132,none,"Action, Adventure, Fantasy",Sebastien Bénard
327,Plants vs. Zombies Garden Warfare 2,2016,7.0,132,10,"Action, Adventure, Comedy",Jeremy Vanhoozer
328,Enter the Gungeon,2016,7.3,132,none,"Action, Adventure, Fantasy",Dave Crooks
329,Jump Force,2019,4.9,129,12,"Action, Fantasy, Sci-Fi",Toyokazu Sakamoto
330,Street Fighter V: Arcade Edition,2018,7.5,129,none,Action,none
331,Black Mirror,2017,6.1,129,14,"Adventure, Crime, Horror",Mark Estdale
332,EA Sports UFC 2,2016,6.9,129,14,"Action, Sport",Brian Hayes
333,Assassins Creed Chronicles: China,2015,6.4,128,none,Action,none
334,Freddy Fazbear's Pizzeria Simulator,2017,6.7,128,none,"Horror, Mystery, Thriller",Scott Cawthon
335,Shadow Warrior 2,2016,7.4,128,none,"Action, Adventure, Comedy",Michal Szustak
336,The Surge,2017,6.2,128,none,"Action, Adventure, Sci-Fi",Jan Klose
337,Darkest Dungeon,2016,8.1,128,none,"Action, Adventure, Fantasy",Chris Bourassa
338,Kathy Rain,2016,9.2,127,none,Adventure,Kyle Arzaga
339,Cars 3: Driven to Win,2017,6.9,126,none,"Animation, Action, Family",Sean Peter Mullen
340,Madden NFL 19: Longshot Homecoming,2018,4.6,125,none,Drama,Michael Young
341,Hunt Down the Freeman,2018,1.4,125,none,"Action, Sci-Fi",Berkan Denizyaran
342,Baldi's Basics in Education and Learning,2018,7.0,124,none,"Comedy, Family, Horror",Micah McGonigal
343,Super Mario Run,2016,6.5,123,none,"Action, Adventure, Family",Takashi Tezuka
344,ReCore,2016,6.3,122,10,"Action, Adventure, Sci-Fi",Mark Pacini
345,Guitar Hero Live,2015,6.7,122,none,"Family, Music",Giorgio Testi
346,Call of Duty: Advanced Warfare - Exo Zombies,2015,6.4,122,none,Action,Glen A. Schofield
347,Remothered: Tormented Fathers,2018,7.3,122,none,"Adventure, Horror, Mystery",Chris Darril
348,Rare Replay,2015,8.3,119,14,"Action, Adventure, Comedy",George Andreas
349,Octopath Traveler,2018,8.1,118,none,"Adventure, Fantasy",Keisuke Miyauchi
350,The Sinking City,2019,7.5,118,none,"Horror, Mystery",Aurélie Ludot
351,Sniper: Ghost Warrior 3,2017,6.2,117,none,"Action, War",Ryan Laccohee
352,Don't Starve Together,2016,7.4,116,none,none,none
353,Poketto monsutâ shîrudo,2019,6.4,115,none,"Action, Adventure, Fantasy",Shigeru Ohmori
354,Faiâ enburemu Echoes: Mouhitori no eiyuuou,2017,7.9,115,none,"Action, Adventure, Crime",Toshiyuki Kusakihara
355,NBA 2K20,2019,3.8,113,none,Sport,Sheldon Candis
356,Starlink: Battle for Atlas,2018,8.5,112,none,Sci-Fi,Richard Carrillo
357,South Park: Phone Destroyer,2017,6.3,111,none,"Action, Adventure, Comedy",Trey Parker
358,Hatred,2015,5.0,111,none,"Action, Horror",Jaroslaw Zielinski
359,Final Fantasy Type-0 HD,2015,6.6,111,none,Adventure,Hajime Tabata
360,GreedFall,2019,7.6,111,none,"Action, Adventure, Fantasy",Jamie Blackley
361,Wojna krwi: Wiedzminskie opowiesc,2018,8.5,110,none,"Action, Adventure, Drama",Jaroslaw Boberek
362,Dirt Rally,2015,7.0,110,none,Sport,Neil Cole
363,Madden NFL 18,2017,7.2,109,none,Sport,Nate Boyer
364,Need for Speed: Heat,2019,7.9,109,none,"Action, Adventure, Crime",Riley Cooper
365,Resident Evil Zero HD Remaster,2016,7.6,108,none,"Action, Horror",Koji Oda
366,The Turing Test,2016,7.6,107,none,Sci-Fi,Marie Westbrook
367,Tales of Berseria,2016,8.0,107,none,"Action, Adventure, Fantasy",Yoshimasa Tanaka
368,Tacoma,2017,7.3,107,none,"Adventure, Sci-Fi",Steve Gaynor
369,Technobabylon,2015,9.2,107,none,none,James Dearden
370,Ultimate Custom Night,2018,7.5,106,none,Horror,Scott Cawthon
371,Valerian: City of Alpha,2017,6.1,106,none,Sci-Fi,none
372,Ultra Street Fighter II: The Final Challengers,2017,7.3,106,none,Action,Toshiyuki Yamamoto
373,Madden NFL 17,2016,6.7,106,none,Sport,Charles Davis
374,Finding Paradise,2017,8.8,105,none,"Adventure, Drama, Sci-Fi",Kan Gao
375,Allegiant: VR Experience,2016,6.6,105,none,Adventure,Shailene Woodley
376,Hearts of Iron IV,2016,8.4,105,none,War,Johan Andersson
377,WWE 2K20,2019,2.8,104,none,Sport,Rebecca Quin
378,Marvel Ultimate Alliance 3: The Black Order,2019,8.0,103,none,"Action, Adventure, Family",Hiroya Usuda
379,Ghostbusters VR: Now Hiring,2017,3.3,102,none,Adventure,Patton Oswalt
380,Doragon kuesuto hîrôzu: Yamiryuu to sekaiju no shiro,2015,8.0,102,none,"Adventure, Fantasy",Yuji Horii
381,Assassin's Creed: Origins - The Hidden Ones,2018,7.8,101,none,"Action, Adventure, Drama",Ashraf Ismail
382,Bloodstained: Ritual of the Night,2019,8.2,100,none,"Action, Adventure, Horror",Shutaro Iida
383,Mario Party: Star Rush,2016,8.7,99,none,"Action, Sport",Shuichiro Nishiya
384,Ace Combat 7: Skies Unknown,2019,8.2,98,none,"Action, Adventure, Drama",Masashi Koyanagi
385,Pokkén Tournament,2015,7.3,98,none,Action,Haruki Suzaki
386,Knack II,2017,8.1,97,none,"Action, Adventure, Family",Mark Cerny
387,Pokkén Tournament DX,2017,7.5,97,none,Action,Haruki Suzaki
388,Gorod Krovi,2016,8.6,97,none,"Action, Drama, Horror",Corky Lehmkuhl
389,Hello Neighbor,2017,6.4,96,none,"Family, Fantasy, Horror",none
390,Conan Exiles,2017,6.2,96,none,"Action, Adventure, Fantasy",Joel Bylos
391,The Walking Dead: No Man's Land,2015,8.0,96,none,Horror,Norman Reedus
392,Contradiction: The Interactive Murder Mystery Movie,2015,8.7,96,none,"Adventure, Crime, Mystery",Tim Follin
393,Return of the Obra Dinn,2018,8.5,95,none,"Fantasy, Mystery",Lucas Pope
394,Shenmue I & II,2018,8.8,95,16,"Action, Adventure, Crime",none
395,World of Final Fantasy,2016,7.9,95,Livre,"Adventure, Family, Fantasy",Hiroki Chiba
396,Assassins Creed Chronicles: India,2015,6.3,94,none,Action,none
397,Zetsubou No Shima,2016,6.7,94,none,"Action, Drama, Horror",Kevin Drew
398,Resident Evil: Umbrella Corps,2016,2.6,94,none,Action,Valerie Arem
399,Battleborn,2016,6.7,94,12,"Action, Adventure, Family",Randall Varnell
400,Creed: Rise to Glory,2018,6.8,93,none,"Action, Family, Sport",James Iliff
401,Assassin's Creed: Origins - The Curse of the Pharaohs,2018,8.1,93,none,"Action, Adventure, Fantasy",Ashraf Ismail
402,Call of Duty: Mobile,2019,7.8,93,none,Action,Antonio Alvarez
403,Untitled Goose Game,2019,7.8,91,Livre,"Adventure, Comedy",none
404,Elex,2017,7.3,91,none,Action,Björn Pankratz
405,Gwint: Wiedzminska gra karciana,2017,7.9,91,none,Fantasy,Benjamin Lee
406,Kholat,2015,6.9,91,none,Horror,Ryan Cooper
407,Agent Cody Banks: Escape from Los Santos,2019,9.2,91,none,Action,Kyle
408,Hyper Light Drifter,2016,8.1,90,none,"Action, Adventure, Fantasy",Alex Preston
409,Steins;Gate 0,2015,8.8,90,14,"Comedy, Drama, Mystery",Mamoru Miyano
410,Postal 2: Paradise Lost,2015,7.7,90,none,Action,Rick Hunter
411,Grow Home,2015,6.6,89,none,"Adventure, Sci-Fi",Ubisoft Reflections
412,Final Fantasy XII: The Zodiac Age,2017,8.7,88,none,"Action, Adventure, Crime",Hiroyuki Itô
413,TrackMania Turbo,2016,6.6,87,none,Sport,none
414,Terminator: Resistance,2019,7.8,87,none,"Action, Mystery, Sci-Fi",Piotr Latocha
415,My Friend Pedro,2019,7.5,87,16,"Action, Adventure, Comedy",none
416,Dead or Alive 6,2019,7.2,86,none,Action,Yohei Shimbori
417,Call of Duty: Revelations,2016,7.5,86,none,"Action, Drama, Horror",Corky Lehmkuhl
418,Shardlight,2016,8.8,86,none,"Adventure, Sci-Fi",Francisco Gonzalez
419,Dying Light: The Following - Enhanced Edition,2016,8.3,85,none,"Adventure, Horror",none
420,Grim Dawn,2016,8.7,85,none,Horror,Kent Clark
421,Axiom Verge,2015,7.9,85,none,"Action, Adventure, Sci-Fi",Thomas Happ
422,Batman: Arkham Underworld,2016,6.9,84,none,"Action, Adventure, Crime",Dino Andrade
423,Aliens vs. Pinball,2016,8.8,84,none,"Action, Sci-Fi",Bill Paxton
424,Ghostbusters,2016,3.3,84,none,"Action, Adventure, Comedy",Chris Tremmel
425,Yoshi's Crafted World,2019,8.0,83,none,"Action, Adventure, Fantasy",Masahiro Yamamoto
426,Zero Escape: Koku no jirenma,2016,8.2,83,16,"Horror, Mystery, Sci-Fi",Kotaro Uchikoshi
427,Hoshi no Kâbi: Robobo puranetto,2016,8.3,83,none,"Action, Adventure, Sci-Fi",Tatsuya Kamiyama
428,James Bond: World of Espionage,2015,7.3,83,none,Action,Daniel Craig
429,Tearaway Unfolded,2015,7.7,83,none,Adventure,Alicia Suszka-Fielder
430,Mighty No. 9,2016,4.3,82,10,"Action, Adventure, Sci-Fi",Koji Imaeda
431,Torment: Tides of Numenera,2017,6.2,82,none,"Adventure, Fantasy",Kevin Saunders
432,Pyre,2017,8.0,81,none,Fantasy,Peter Canavese
433,Dirt 4,2017,7.4,81,none,"Action, Adventure, Family",Neil Cole
434,Assassins Creed Chronicles: Russia,2015,6.1,80,none,Action,none
435,Hoshi no Kâbî: Sutâ araizu,2018,7.5,80,none,"Action, Adventure, Family",Shinya Kumazaki
436,Until Dawn: Rush of Blood,2016,7.1,80,none,"Action, Horror",Larry Fessenden
437,2064: Read Only Memories,2016,4.5,79,none,Adventure,John James
438,Skylanders: SuperChargers,2015,6.6,79,10,Action,Josh Bridge
439,Agony,2018,4.4,78,18,Horror,Tomasz Dutkiewicz
440,Borderlands: The Pre-Sequel - Claptastic Voyage,2015,8.2,78,none,Action,Dameon Clarke
441,Doragon kuesuto birudâzu: Arefugasuto o fukkatsuseyo,2016,8.0,77,none,"Action, Adventure, Family",Ayaka Asai
442,The Park,2015,6.7,77,none,"Adventure, Horror, Mystery",Joel Bylos
443,Rockman 11: Unmei no Haguruma!!,2018,7.9,75,none,"Action, Adventure, Family",Koji Oda
444,Furi,2016,7.6,75,none,"Action, Sci-Fi",Emeric Thoa
445,Judge Eyes: Shinigami no Yuigon,2018,8.5,74,18,"Action, Adventure, Crime",Toshihiro Nagoshi
446,Astro Bot: Rescue Mission,2018,8.9,74,none,Sci-Fi,none
447,Team Sonic Racing,2019,8.0,74,none,"Family, Sport",Tom Turner
448,Layers of Fear 2,2019,6.3,74,none,"Horror, Thriller",Mark Estdale
449,Unavowed,2018,8.5,73,none,"Adventure, Fantasy, Horror",Dave Gilbert
450,Owlboy,2016,8.1,73,none,"Adventure, Comedy, Drama",Simon Stafsnes
451,Guild Wars 2: Heart of Thorns,2015,8.4,73,none,Action,Antonio Alvarez
452,Observation,2019,7.8,72,none,"Sci-Fi, Thriller",Jon Mckellan
453,Madden NFL 19,2018,5.6,72,none,Sport,Conrad Bluth
454,Teenage Mutant Ninja Turtles: Mutants in Manhattan,2016,6.1,72,10,"Action, Adventure, Comedy",Eiro Shirahama
455,Last Day of June,2017,7.3,71,none,"Adventure, Drama, Romance",Ovosonico
456,The Banner Saga 2,2016,7.9,70,none,"Adventure, Fantasy, Mystery",none
457,The Elder Scrolls Online: Morrowind,2017,7.4,69,none,"Action, Adventure, Fantasy",Matt Firor
458,Fairy Fencer F: Advent Dark Force,2016,9.4,69,none,"Action, Adventure, Fantasy",Takatsugu Awazu
459,Warhammer: End Times - Vermintide,2015,7.5,69,none,Fantasy,Anders De Geer
460,Project Cars 2,2017,7.2,69,none,Sport,Ian Bell
461,Infinite Crisis,2015,7.6,69,none,"Action, Sci-Fi",Cardell Kerr
462,Shantae: Half-Genie Hero,2016,7.5,68,none,"Animation, Action, Adventure",Matt Bozon
463,Teiruzu obu zesutiria,2015,7.2,68,none,"Adventure, Family, Fantasy",Yuuta Hase
464,Shingeki no kyojin,2016,7.7,68,14,"Action, Adventure, Drama",Tomoyuki Kitamura
465,Onrush,2018,6.5,67,none,Action,Paul Rustchynsky
466,Virginia,2016,6.8,67,none,"Drama, Mystery, Thriller",Jonathan Burroughs
467,Frostpunk,2018,7.9,66,14,"Adventure, Drama, Sci-Fi",Michal Drozdowski
468,The Council,2018,7.3,66,none,Mystery,Sylvain Sechi
469,Warhammer: Vermintide 2,2018,7.8,66,none,Action,Anders De Geer
470,Mario Kart Tour,2019,6.2,66,none,"Action, Family, Sport",Toru Asakawa
471,Mario & Luigi: Paper Jam,2015,7.3,66,none,Action,Shunsuke Kobayashi
472,Final Fantasy XIV: Heavensward,2015,8.7,66,none,"Action, Adventure, Fantasy",Naoki Yoshida
473,Helldivers,2015,7.2,66,none,"Action, Sci-Fi",Axel Lindberg
474,Gravity Rush 2,2017,8.4,65,12,"Adventure, Family, Fantasy",none
475,Get Even,2017,6.6,65,none,Thriller,Damien Goodwin
476,Stellaris,2016,8.5,65,none,Sci-Fi,Henrik Fåhraeus
477,Paper Mario: Color Splash,2016,6.9,65,none,"Action, Adventure, Family",Naohiko Aoyama
478,Astral Chain,2019,8.1,65,none,"Action, Adventure, Sci-Fi",Takahisa Taura
479,Trover Saves the Universe,2019,8.7,65,none,"Animation, Action, Comedy",Steve Agee
480,The Forest,2018,8.0,64,none,"Action, Adventure, Horror",Ben Falcone
481,Bubsy: The Woolies Strike Back,2017,5.2,64,none,"Action, Adventure, Family",Jean-Marc Haessig
482,Guild Wars 2: Path of Fire,2017,8.7,64,none,Fantasy,Mike O'Brien
483,1-2 Switch,2017,5.0,64,none,"Action, Family",none
484,Lara Croft Go,2015,7.1,64,10,Adventure,Daniel Lutz
485,Shenmue III,2019,8.1,64,none,"Action, Adventure, Drama",Yu Suzuki
486,Stories Untold,2017,8.2,63,none,"Adventure, Horror, Sci-Fi",Jon Mckellan
487,Tyranny,2016,7.8,63,none,Action,Valerie Arem
488,Faiâ emuburemu musou,2017,7.1,63,none,"Action, Adventure, Crime",Hiroya Usuda
489,Zeruda no densetsu: Toraifôsu sanjuushi,2015,7.0,63,none,"Action, Adventure, Family",Hiromasa Shikata
490,Apotheon,2015,6.2,63,none,Action,Sonja Ball
491,Blood & Truth,2019,8.8,63,none,Action,Stuart Whyte
492,Tetorisu 99,2019,8.0,62,none,"Action, Family",Akito Kitamura
493,Gorogoa,2017,8.3,62,none,Adventure,Jason Roberts
494,Kerbal Space Program,2015,8.5,62,none,"Adventure, Comedy, Sci-Fi",Felipe Falanghe
495,Mario & Sonic at the Rio 2016 Olympic Games,2016,6.8,62,none,Sport,Eigo Kasahara
496,MediEvil,2019,8.2,62,none,"Action, Adventure, Fantasy",Lani Minella
497,Katana Zero,2019,8.3,62,none,Action,Justin Stander
498,Pillars of Eternity II: Deadfire,2018,8.0,61,none,"Adventure, Fantasy",Josh Sawyer
499,Shadow Tactics: Blades of the Shogun,2016,8.0,61,none,War,Dominik Abé
500,Super Bomberman R,2017,6.6,60,none,"Action, Family",Peter von Gomm
501,Pony Island,2016,7.3,60,none,"Adventure, Drama, Fantasy",Simon Jenkins
502,Mutant Year Zero: Road to Eden,2018,7.4,59,none,Action,Ulf Andersson
503,Zombie Army Trilogy,2015,7.2,59,none,Action,none
504,Trine 3: The Artifacts of Power,2015,6.7,59,none,"Action, Adventure, Fantasy",Mark Estdale
505,Victor Vran,2015,7.6,59,none,Adventure,Gabriel Dobrev
506,Disco Elysium,2019,9.0,59,none,"Crime, Mystery",none
507,Mighty Morphin Power Rangers: Mega Battle,2017,4.8,58,none,Action,none
508,Fortnite: Chapter 2,2019,5.5,58,none,Action,Tim Sweeney
509,Lamplight City,2018,8.2,57,none,"Crime, Mystery",Francisco Gonzalez
510,Slime Rancher,2017,7.5,57,none,Animation,none
511,Zombies Chronicles,2017,8.9,57,none,Action,Jason Blundell
512,Dream Daddy: A Dad Dating Simulator,2017,7.8,57,none,Romance,Tyler J. Hutchison
513,VRChat,2017,8.4,56,none,none,none
514,Ruiner,2017,7.4,56,none,"Action, Sci-Fi",Jakub Stylinski
515,Stories: The Path of Destinies,2016,6.9,56,none,Adventure,Malik Boukhira
516,The Technomancer,2016,6.2,56,none,Adventure,Jeanne Rousseau
517,Tony Hawk's Pro Skater 5,2015,2.6,56,Livre,Sport,Lizzie Armanto
518,EA Sports UFC 3,2018,7.6,55,none,Sport,Marcus Aurelio
519,Brawl Stars,2018,7.6,55,none,Action,Sandra Espinoza
520,Beat Saber,2018,8.6,55,none,Music,none
521,Code Vein,2019,7.5,55,none,"Action, Adventure, Fantasy",Hiroshi Yoshimura
522,MLB 16: The Show,2016,8.4,55,none,Sport,Brandon Thomas
523,Futurama: Worlds of Tomorrow,2017,6.2,54,none,"Comedy, Sci-Fi",Dan Castellaneta
524,Gyakuten saiban 6,2016,7.7,54,none,"Action, Adventure, Crime",Takeshi Yamazaki
525,The King of Fighters XIV,2016,8.0,54,none,"Action, Fantasy, Sci-Fi",Yasuyuki Oda
526,Catherine: Full Body,2019,8.3,53,none,"Animation, Comedy, Drama",Katsura Hashino
527,Black Ops 4: Dead of the Night,2018,6.8,53,none,Action,Jason Blundell
528,The Quiet Man,2018,2.4,53,none,"Action, Adventure, Crime",Shu Hamada
529,Planet Coaster,2016,8.2,53,none,Adventure,James Dixon
530,Monument Valley 2,2017,8.2,53,none,"Adventure, Fantasy",Neil McFarland
531,"Warhammer 40,000: Dawn of War III",2017,6.5,53,none,"Action, Sci-Fi, War",Alec Newman
532,Let It Die,2016,7.1,53,none,"Action, Adventure, Sci-Fi",James D. Mortellaro
533,Five Nights at Freddy's: Help Wanted,2019,8.3,53,none,"Action, Horror",Scott Cawthon
534,Guacamelee! 2,2018,7.9,52,none,"Action, Adventure, Comedy",none
535,Star Wars: Galaxy of Heroes,2015,8.1,52,none,"Action, Adventure, Fantasy",Mat Lucas
536,Shadowrun: Hong Kong,2015,7.7,52,none,"Action, Adventure, Crime",Mitch Gitelman
537,NHL 19,2018,6.7,51,none,Sport,Sean Ramjagsingh
538,Forgotton Anne,2018,8.0,51,none,Adventure,Alfred Nguyen
539,Into the Breach,2018,7.6,51,none,"Action, Adventure, Sci-Fi",Matthew Davis
540,Final Fantasy XIV: Stormblood,2017,8.4,51,none,"Action, Adventure, Fantasy",Laura Aikman
541,Valkyria Chronicles 4,2018,8.4,50,none,"Action, Adventure, Family",Masaya Kobayashi
542,Final Fantasy XV: Episode Ignis,2017,8.2,50,none,"Action, Adventure, Fantasy",Takefumi Terada
543,Steven Universe: Save the Light,2017,8.0,50,none,"Animation, Adventure, Comedy",Zach Callison
544,Mario Sports Superstars,2017,8.4,50,none,Sport,Kenji Fujioka
545,Hatsune Miku: Project Diva X,2016,9.0,50,none,"Action, Music",Tetsuya Ohtsubo
546,The Book of Unwritten Tales 2,2015,7.1,50,12,Adventure,Marc König
547,Angry Birds 2,2015,7.2,49,none,Adventure,none
548,Final Fantasy XV: Episode Gladiolus,2017,7.4,49,none,"Action, Adventure, Fantasy",Kenichi Shida
549,Hokuto ga gotoku,2018,7.7,48,none,"Action, Adventure, Drama",Jun Orihara
550,Planet of the Apes: Last Frontier,2017,7.0,48,16,"Action, Adventure",Steve Kniebihly
551,Final Fantasy XV: Episode Prompto,2017,7.7,47,none,Fantasy,Kenichi Shida
552,The Inpatient,2018,6.2,47,none,Horror,Matthew Gallenstein
553,Busou shoujo,2015,6.8,47,none,"Animation, Action",none
554,Deponia Doomsday,2016,8.1,47,none,Adventure,Jan Müller-Michaelis
555,Pillars of Eternity: The White March,2015,7.9,47,none,none,Josh Sawyer
556,"That Dragon, Cancer",2016,7.7,47,none,none,none
557,Bloodstained: Curse of the Moon,2018,7.2,46,14,"Action, Adventure, Horror",Hiroki Miyazawa
558,Party Hard,2015,7.5,46,none,"Action, Horror, Thriller",none
559,Dirty Bomb,2015,7.5,46,none,Action,Jimmy Akingbola
560,MLB 15: The Show,2015,7.7,46,none,Sport,Sean Kennedy
561,Football Manager 2019,2018,7.8,45,none,Sport,none
562,Getting Over It with Bennett Foddy,2017,6.5,45,none,Adventure,Bennett Foddy
563,Emily is Away,2015,6.8,45,none,Drama,Kyle Seeley
564,Here They Lie,2016,6.8,45,none,Horror,Cory Davis
565,Skylanders: Imaginators,2016,6.9,45,none,Animation,Brad Abrell
566,Paragon,2016,6.8,45,none,"Action, Adventure, Sci-Fi",John Wasilczyk
567,Telling Lies,2019,7.2,45,none,Thriller,Sam Barlow
568,Madden NFL 20,2019,5.3,45,none,Sport,Randall Bacon
569,This Is the Police,2016,7.2,44,none,"Animation, Adventure, Crime",Ilya Yanovich
570,Discovery Tour by Assassin's Creed: Ancient Egypt,2018,7.9,44,none,History,Ashraf Ismail
571,Black Desert Online,2015,6.6,44,none,Adventure,Katabelle
572,Resident Evil 7 Teaser Demo: Beginning Hour,2016,8.1,43,none,"Adventure, Horror",Koushi Nakanishi
573,Elite Dangerous: Horizons,2015,8.4,43,none,Sci-Fi,Zora Bishop
574,"Dr. Langeskov, the Tiger and the Terribly Cursed Emerald: A Whirlwind Heist",2015,7.0,43,none,Comedy,William Pugh
575,Mario Tennis: Ultra Smash,2015,5.3,43,none,Sport,Shugo Takahashi
576,Alienation,2016,7.2,43,none,Action,none
577,Jumanji: The Video Game,2019,5.8,43,none,"Action, Adventure, Family",Richard Tawn
578,StarCraft II: Nova Covert Ops,2016,7.6,42,none,Sci-Fi,Jason Huck
579,Asagao Academy: Normal Boots Club,2016,8.8,42,none,Romance,Cara Hillstock
580,Downwell,2015,7.2,42,none,Action,Ojiro Fumoto
581,RWBY: Grimm Eclipse,2015,8.4,42,12,"Action, Fantasy",Kerry Shawcross
582,Adventure Time: Finn & Jake Investigations,2015,6.5,42,Livre,Adventure,Dave Ellis
583,Steamworld Dig 2,2017,8.1,41,none,"Animation, Action, Adventure",Olle Hakansson
584,SCP: Containment Breach,2017,8.4,41,none,Horror,Joonas Rikkonen
585,The Infectious Madness of Doctor Dekker,2017,8.0,41,none,Thriller,Tim Cowles
586,Downfall,2016,8.6,41,none,"Adventure, Horror",Remigiusz Michalski
587,WarioWare Gold,2018,8.1,40,none,"Action, Comedy, Family",Yoichi Tada
588,Dynasty Warriors 9,2018,5.9,40,none,"Action, Adventure, Family",Atsushi Miyauchi
589,MLB 17: The Show,2017,8.1,40,none,none,none
590,Pinstripe,2017,8.4,40,none,Fantasy,Thomas Brush
591,Super Mario Maker for Nintendo 3DS,2016,7.3,40,none,Action,Yosuke Oshino
592,Yandere Simulator,2015,7.1,40,none,"Animation, Drama, Romance",YandereDev
593,Far Cry 5: Lost on Mars,2018,6.1,39,none,Sci-Fi,Steve Byers
594,The Emoji Movie Virtual Reality eXperience,2017,3.5,39,none,Animation,Nicholas Cooper
595,Super Lucky's Tale,2017,7.0,39,none,"Animation, Action, Adventure",Caitlyn Bairstow
596,MLB 18: The Show,2018,8.1,39,none,Sport,Erik Braa
597,Playstation VR Worlds,2016,7.2,39,none,Action,Russell Harding
598,Guilty Gear Xrd: Rev 2,2017,8.3,39,none,Action,none
599,Pokémon Cho Fushigi no Danjon,2015,7.3,39,none,"Action, Adventure, Fantasy",Hironori Ishigami
600,Titan Souls,2015,6.8,39,none,"Action, Adventure, Fantasy",none
601,Starbound,2016,7.2,39,none,"Action, Adventure, Sci-Fi",Finn Brice
602,The Lego Movie 2 Videogame,2019,5.8,38,none,"Animation, Adventure, Family",Jamie Eden
603,Beholder,2016,7.6,38,none,Adventure,Oleg Belov
604,Q.U.B.E. 2,2018,7.1,38,none,Sci-Fi,Tamaryn Payne
605,Trials of the Blood Dragon,2016,5.4,38,none,Action,Michael Biehn
606,Battle Chasers: NightWar,2017,7.9,38,12,"Action, Adventure, Fantasy",Adam Behr
607,Detective Pikachu,2016,6.7,38,none,"Adventure, Crime, Family",Naoki Miyashita
608,Metroid Prime: Federation Force,2016,5.2,38,none,"Action, Adventure, Family",Jason Carr
609,1979 Revolution: Black Friday,2016,7.2,38,none,"Action, Adventure, Drama",Navid Khonsari
610,Armikrog,2015,6.4,38,none,"Adventure, Sci-Fi",Michael J. Nelson
611,Steins;Gate Elite,2018,9.0,37,none,"Comedy, Drama, Romance",Saori Gotô
612,Assassin's Creed Odyssey - The Fate of Atlantis,2019,8.2,37,none,Adventure,Jonathan Dumont
613,Formula 1: 2018,2018,7.9,37,none,Sport,Paul-William Mawhinney
614,Xenoblade Chronicles 2: Torna ~ The Golden Country,2018,7.7,37,none,"Action, Adventure, Family",Ko Kojima
615,Dishidia fainaru fantajî NT,2018,7.1,37,none,Action,Takeo Kujiraoka
616,Farpoint,2017,7.1,37,none,Sci-Fi,Seth Luisi
617,Steven Universe: Attack the Light!,2015,7.5,37,none,"Animation, Action, Adventure",Chris Graham
618,The Sexy Brutale,2017,7.6,37,none,"Adventure, Mystery, Thriller",Charles Griffiths
619,Sousei no onmyouji,2017,8.0,37,none,Action,none
620,Disney Magic Kingdoms,2016,7.8,37,none,"Family, Fantasy",Rob Rowe
621,Yu-Gi-Oh! Legacy of the Duelist,2015,7.6,37,none,"Adventure, Mystery",none
622,The Grand Tour Game,2019,7.6,36,none,Comedy,Jeremy Clarkson
623,Slay the Spire,2019,8.0,36,none,"Action, Adventure, Fantasy",Anthony Giovannetti
624,The Town of Light,2016,6.6,36,none,Adventure,Luca Dalcò
625,Adr1ft,2016,8.0,36,none,Sci-Fi,Adam Orth
626,LawBreakers,2017,4.2,36,none,"Action, Sci-Fi",Cliff Bleszinski
627,Human: Fall Flat,2016,6.8,36,none,"Adventure, Comedy, Fantasy",none
628,Tales of Vesperia: Definitive Edition,2019,8.1,35,none,"Action, Adventure, Fantasy",Yoshito Higuchi
629,Free Fire,2017,5.6,35,none,Action,none
630,Just Dance 2018,2017,7.4,35,Livre,"Action, Family, Music",Paola Guitart
631,NBA Live 18,2017,6.9,35,none,Sport,Ryan Santos
632,Rock Band 4,2015,7.2,35,none,Music,Greg LoPiccolo
633,Yuugiou: Dueru rinkusu,2016,7.8,35,none,"Action, Adventure, Fantasy",Gregory Abbey
634,"Guns, Gore & Cannoli",2015,7.5,35,none,Action,none
635,"Sons of Anarchy: The Prospect, Episode 1",2015,8.3,35,none,Drama,Kim Coates
636,Wân pîsu: Kaizoku musou 3,2015,7.2,35,none,"Action, Adventure, Family",none
637,Overcooked 2,2018,8.3,35,none,Adventure,none
638,Tower of Time,2018,8.7,35,none,"Adventure, Fantasy",none
639,The Shapeshifting Detective,2018,7.9,34,none,"Mystery, Sci-Fi, Thriller",Tim Cowles
640,Absolver,2017,5.7,34,none,Action,Pierre de Margerie
641,The Joy of Creation: Reborn,2016,8.1,34,none,Horror,Nikson
642,JoJo's Bizarre Adventure: Eyes of Heaven,2015,7.8,34,none,"Action, Adventure, Drama",Kenei Nakasha
643,The Peanuts Movie: Snoopy's Grand Adventure,2015,6.5,34,none,"Action, Adventure, Family",Noah Schnapp
644,Remnant: From the Ashes,2019,7.1,34,none,Action,Matthew Guzenda
645,Power Rangers: Battle for the Grid,2019,8.0,33,none,"Action, Fantasy",Kyle Higgins
646,Total War: Three Kingdoms,,8.3,33,none,Action,Gaspar Janos
647,Concrete Genie,2019,7.4,33,none,Action,Dominic Robilliard
648,That's You!,2017,7.7,33,none,Family,none
649,Dauntless,2017,6.3,33,none,Fantasy,Kody Sabourin
650,Strange Brigade,2018,6.5,33,none,Action,Henry Douthwaite
651,Five Nights at Candy's,2015,4.4,33,none,Horror,Emil Macko
652,Accounting,2016,8.4,33,none,"Adventure, Comedy, Fantasy",William Pugh
653,Worms W.M.D.,2016,8.0,33,none,Action,Darren Altman
654,Afterparty,2019,7.2,33,none,"Adventure, Comedy, Drama",Janina Gavankar
655,Ancestors: The Humankind Odyssey,2019,5.3,33,none,"Adventure, History, Sci-Fi",Patrice Désilets
656,Final Fantasy XIV: Shadowbringers,2019,8.6,33,none,Action,Naoki Yoshida
657,Boku no hîrô akademia: One's Justice,2018,7.3,32,none,"Action, Adventure",none
658,Wreckfest,2018,7.4,32,none,Sport,none
659,Knowledge Is Power,2017,7.3,32,none,Game-Show,Josh Dean
660,Final Fantasy XV: Comrades,2017,7.6,32,none,Fantasy,Kazuya Takahashi
661,Mario & Ruîji RPG1 DX,2017,8.0,32,none,Action,Shunsuke Kobayashi
662,Five Nights at Candy's 3,2017,4.4,32,none,Horror,Emil Macko
663,One Piece: Burning Blood,2016,7.2,32,10,Adventure,Hiroyuki Kaneko
664,Anno 2205,2015,7.0,32,none,none,Dirk Riegert
665,I Am Bread,2015,6.2,32,none,"Adventure, Comedy",Vince Farquharson
666,Hand of Fate,2015,6.7,32,none,"Action, Adventure, Fantasy",Morgan Jaffit
667,Dejimon sutôrî: Saibâ surûsu,2015,8.0,32,Livre,"Action, Adventure, Sci-Fi",Tetsuya Ookubo
668,NightCry,2016,6.6,32,none,Horror,Takashi Shimizu
669,Outer Wilds,2019,8.3,32,none,"Action, Adventure, Fantasy",Alex Beachum
670,Dirt Rally 2.0,2019,6.5,31,none,"Action, Adventure, Sport",Neil Cole
671,Iconoclasts,2018,6.8,31,none,"Action, Adventure, Comedy",Joakim Konjak Sandberg
672,BlazBlue: Cross Tag Battle,2018,7.4,31,none,"Action, Fantasy",Tomokazu Sugita
673,Aragami,2016,7.1,31,14,"Action, Adventure, Fantasy",none
674,Randal's Monday,2015,7.8,31,none,"Adventure, Comedy, Crime",Mark Estdale
675,Persona 4: Dancing All Night,2015,8.1,31,none,"Comedy, Family, Music",Kazuhisa Wada
676,Tacchi! Kâbi: Sûpâ reinbô,2015,6.0,31,none,none,Kazushige Masuda
677,Cadence of Hyrule,2019,8.0,31,none,"Action, Adventure, Fantasy",Ryan Clark
678,FAR: Lone Sails,2018,8.1,30,none,Adventure,none
679,Shaq Fu: A Legend Reborn,2018,5.8,30,none,"Action, Family, Fantasy",Johnny Alicea
680,Uncanny Valley,2015,5.2,30,none,Horror,Tadej Kupcic
681,Secret of Mana,2018,6.9,30,10,"Adventure, Family, Fantasy",Takahiro Noda
682,Hyrule Warriors Legends,2016,7.1,30,none,"Action, Adventure, Family",Hiroya Usuda
683,Monsutâ hantâ kurosu,2015,7.6,30,none,"Action, Adventure, Family",Yasunori Ichinose
684,Poketoru,2015,6.6,30,none,none,Shunsuke Takagi
685,Overkill's The Walking Dead,2018,4.0,29,none,"Action, Adventure, Horror",Warren Burke
686,Isekai maou to shoukan shoujo no dorei majutsu X: Reverie,2018,7.4,29,none,Romance,none
687,Sword Art Online: Fatal Bullet,2018,6.2,29,none,"Action, Adventure, Sci-Fi",Shuichi Goto
688,The Banner Saga 3,2018,7.9,29,none,Adventure,Alex Thomas
689,OneShot,2016,8.3,29,none,"Adventure, Fantasy, Mystery",none
690,Fear Effect Sedna,2018,7.5,29,none,"Action, Adventure, Crime",Natalie Roers
691,Bound,2016,6.3,29,none,Action,none
692,Ys VIII: Lacrimosa of Dana,2016,8.0,29,none,Adventure,Takayuki Kusano
693,Not a Hero,2015,6.7,29,none,Action,Simon Bennet
694,Grey Goo,2015,8.2,29,none,Sci-Fi,Joe Corrigall
695,Forgotten Memories: Alternate Realities,2015,7.9,29,none,Horror,Chris Darril
696,Tetris Effect,2018,8.4,28,none,Action,Tetsuya Mizuguchi
697,Leisure Suit Larry: Wet Dreams Don't Dry,2018,7.1,28,none,"Animation, Adventure, Comedy",Mark Estdale
698,Marvel Strike Force,2018,7.6,28,none,Action,Shaun Conde
699,Quake Champions,2018,7.3,28,none,"Action, Sci-Fi",Tim Willits
700,HunieCam Studio,2016,7.7,28,none,"Comedy, Fantasy, Romance",Ryan Koons
701,Chuchel,2018,7.1,28,none,"Adventure, Comedy, Fantasy",Jaromír Plachý
702,Darkwood,2017,7.1,28,none,"Adventure, Horror",Guy Another Polish
703,Zula,2015,5.4,28,none,Action,Bora Sivri
704,My Name Is Mayo,2016,4.2,28,none,Adventure,none
705,Mega Man Legacy Collection,2015,7.5,28,none,none,none
706,Homeworld: Deserts of Kharak,2016,7.4,28,none,Sci-Fi,Hayley Sales
707,Devotion,2019,8.1,27,none,Horror,none
708,MLB 19: The Show,2019,6.7,27,none,Sport,Erik Braa
709,Samorost 3,2016,8.1,27,none,Fantasy,none
710,Super Seducer 2,2018,3.9,27,none,"Action, Adventure, Comedy",Artur Lerman
711,Persona 5: Dancing Star Night,2018,7.9,27,none,"Family, Music",Nobuyoshi Miwa
712,Star Wars: Secrets of the Empire,2017,8.0,27,none,Sci-Fi,Curtis Hickman
713,Surviving Mars,2018,6.7,27,none,Fantasy,none
714,TheHunter: Call of the Wild,2017,7.0,27,none,"Action, Adventure, Sport",Peter Johansson
715,Punch Club,2016,6.8,27,none,"Action, Sport",none
716,Fatal Frame. View in the Dark,2015,8.1,27,none,"Adventure, Horror, Thriller",Sergey A.
717,Pathfinder: Kingmaker,2018,8.0,27,none,"Action, Adventure, Fantasy",Alexander Mishulin
718,Dorôn to desu,2017,4.3,27,none,Action,none
719,Snipperclips,2017,7.1,27,none,"Adventure, Family",Adam Vian
720,Star Wars Rebels: Recon Missions,2015,6.3,27,none,"Action, Fantasy, Sci-Fi",Hez Chorba
721,Sutâ ôshan 5: Integrity and Faithlessness,2016,6.9,27,12,"Adventure, Family, Fantasy",Hiroshi Ogawa
722,Dark Deception,2018,8.2,26,none,"Adventure, Horror",Vince Livings
723,Naruto to Boruto: Shinobi Striker,2018,7.3,26,none,"Action, Adventure, Fantasy",Katsunori Ehara
724,Little Witch Academia: Toki no Maho to Nana Fushigi,2017,6.9,26,14,"Animation, Action, Adventure",Hideaki Mizota
725,Poochy & Yoshi's Woolly World,2017,7.9,26,none,Adventure,Kazumasa Yonetani
726,The Final Station,2016,7.0,26,none,Horror,none
727,Rebel Galaxy,2015,6.0,26,none,Sci-Fi,Lani Minella
728,Doragon bôru Z: Dokkan batoru,2015,7.3,26,none,Action,none
729,Kenka banchou: Otome,2016,7.2,26,none,"Animation, Action",Ai Ito
730,The Flame in the Flood,2016,6.5,26,none,"Action, Adventure, Thriller",none
731,Gen'ei ibunroku #FE,2015,7.3,26,none,"Action, Adventure, Comedy",Kaori Ando
732,Destiny 2: New Light,2019,7.4,26,none,"Action, Adventure, Fantasy",none
733,One Piece: World Seeker,2019,6.2,26,none,"Action, Adventure",Makoto Baba
734,Visage,2018,7.8,25,none,Horror,Matina Steiner
735,Super Seducer,2018,3.8,25,none,"Documentary, Romance",Ludmila Vasilevich
736,The Messenger,2018,7.7,25,none,"Action, Adventure",Thierry Boulanger
737,Grim Dawn: Ashes of Malmouth,2017,8.4,25,none,Horror,Kris Carr
738,Job Simulator: the 2050 archives,2016,7.9,25,none,Comedy,Alex Schwartz
739,Halo Wars 2: Awakening the Nightmare,2017,7.4,25,none,"Action, Adventure, Horror",Alistair Hope
740,Left Alive,2019,4.6,25,none,"Action, Sci-Fi",Toshifumi Nabeshima
741,The Room Three,2015,8.2,25,none,Adventure,none
742,Sôdo âto onrain: Horou riarizêshon,2016,7.4,25,none,Action,Natsuki Hanae
743,Sutâ fokkusu gâdo,2016,7.5,25,none,Action,Yugo Hayashi
744,Guilty Gear Xrd: Revelator,2016,7.1,25,none,"Action, Adventure, Fantasy",Dan Rubida
745,Press X to Not Die,2015,6.4,25,none,"Action, Comedy",Trevor Tablotney
746,Minions Paradise,2015,6.3,25,none,Comedy,Pierre Coffin
747,Bear with Me: Episode One,2016,8.2,25,none,"Adventure, Horror, Mystery",Andrej Kovacevic
748,Code Name: S.T.E.A.M.,2015,6.2,25,none,"Action, Fantasy, Sci-Fi",Paul Patrashcu
749,Sea of Solitude,2019,7.8,25,none,"Adventure, Fantasy",Cornelia Geppert
750,Donut County,2018,6.9,24,none,none,none
751,Realm Royale,2018,6.8,24,none,Action,Caitlyn Elizabeth
752,Simulacra,2017,7.8,24,none,Thriller,Wendy Van Horen Carneiro
753,Monster Prom,2018,8.0,24,none,Comedy,Arin Hanson
754,Lone Echo,2017,8.1,24,none,Adventure,Dana Jan
755,Transference,2018,7.0,24,none,"Adventure, Thriller",Benoit Richer
756,The End Is Nigh,2017,7.1,24,none,"Action, Adventure, Comedy",Tyler Glaiel
757,Five Nights at Candy's 2,2016,4.8,24,none,Horror,Emil Macko
758,Aidorumasutâ Mirion raibu!: Shiatâ deizu,2017,2.1,24,none,Music,none
759,Alone in the Dark: Illumination,2015,1.7,24,none,"Action, Adventure, Horror",Michael Allar
760,Con Man: The Game,2016,8.0,24,none,"Animation, Adventure, Comedy",Felicia Day
761,Kung Fu Panda: Showdown of Legendary Legends,2015,5.4,24,none,Action,Max Koch
762,Hungry Shark World,2016,7.4,24,none,"Action, Adventure, Comedy",none
763,Disgaea 5: Alliance of Vengeance,2015,7.7,24,none,"Adventure, Family, Fantasy",Mamoru Miyano
764,GivingTales,2015,8.5,24,none,Family,Klaus Lovgreen
765,"Invisible, Inc.",2015,6.3,24,none,"Adventure, Sci-Fi, Thriller",Lisa Ann Beley
766,Vikings: Wolves of Midgard,2017,6.5,24,none,"Action, Fantasy",Eileen Atkins
767,Close to the Sun,2019,7.1,24,none,"Adventure, Horror",Emily Moment
768,Mario & Sonikku at Tôkyô 2020 orinpikku,2019,7.2,24,Livre,"Family, Sport",Naohiro Hirao
769,Raid: World War II,2017,2.6,23,none,Action,Ilija Petrusic
770,My Time at Portia,2018,7.5,23,none,Adventure,Zhi Xu
771,Emily Wants to Play,2015,5.5,23,none,Horror,Shawn Hitchcock
772,Doubutsu no mori: Poketto kyanpu,2017,6.0,23,none,none,Sensui Kazuyoshi
773,Blameless,2016,7.0,23,none,Horror,Vaclav Hudec
774,Blasphemous,2019,7.9,23,none,"Action, Horror",Enrique Cabeza
775,Troll and I,2017,2.7,23,14,Adventure,Huw Samuel
776,Psycho-Pass: Mandatory Happiness,2015,5.9,23,none,"Crime, Sci-Fi",Akira Ishida
777,Sword Art Online: Lost Song,2015,5.8,23,none,Animation,Chinatsu Akasaki
778,"Warhammer 40,000: Inquisitor - Martyr",2017,7.8,23,none,"Action, Adventure, Sci-Fi",Madison Brunoehler
779,Inishie to yuki no Setsuna,2016,7.1,23,none,"Animation, Action, Adventure",Atsushi Hashimoto
780,Master of Orion: Conquer the Stars,2016,7.0,23,none,Sci-Fi,Alan Tudyk
781,Anna's Quest,2015,7.5,23,none,Adventure,Dane Krams
782,NBA Live 16,2015,4.7,23,none,Sport,Ronen Lanovoi
783,Skyforge,2015,7.9,23,none,Action,Alexander Mishulin
784,DreadOut: Act II,2015,7.3,23,none,Horror,Rachmad Imron
785,Vader Immortal: A Star Wars VR Series - Episode I,2019,7.9,23,none,Sci-Fi,Ben Snow
786,Kill La Kill If,2019,8.3,23,none,"Animation, Action, Comedy",Hideaki Mizota
787,Hotel Transylvania 3: Monsters Overboard,2018,5.6,22,none,Adventure,Brock Powell
788,The Elder Scrolls: Blades,2019,4.5,22,none,"Action, Adventure, Fantasy",Todd Howard
789,Two Point Hospital,2018,7.4,22,none,Comedy,Marc Silk
790,State of Mind,2018,6.9,22,none,"Mystery, Sci-Fi, Thriller",Martin Ganteföhr
791,Mario Party: The Top 100,2017,6.1,22,none,"Action, Adventure, Family",Tsutomu Komiyama
792,Lorelai,2019,7.9,22,none,Horror,Remigiusz Michalski
793,Beyond Skyrim: Bruma,2017,8.6,22,none,Fantasy,Caitlin Buckley
794,A King's Tale: Final Fantasy XV,2016,6.1,22,none,"Action, Adventure, Fantasy",Cord Smith
795,Robinson: The Journey,2016,7.8,22,none,Adventure,Mark Estdale
796,Tom Clancy's the Division: Operation ISAC,2016,6.5,22,none,Action,Kevin T. Willson
797,Kopusu Pati Buraddo kaba Ripitiddo fia,2015,7.5,22,none,"Adventure, Horror",Makoto Kedouin
798,Beyond Eyes,2015,4.9,22,none,Adventure,Sherida Halatoe
799,Nancy Drew: Sea of Darkness,2015,8.1,22,none,"Adventure, Mystery",Tim Burke
800,Hektor,2015,8.4,22,none,Horror,Felix Nordanåker
801,Bureiburî sekando,2015,8.1,22,none,"Adventure, Family, Fantasy",Chris Borders
802,Shadow of the Beast,2016,7.3,22,none,Action,none
803,The Surge 2,2019,7.7,22,none,"Action, Sci-Fi",James Lowe
804,Badiya: Desert Survival,2016,4.6,22,none,"Action, Adventure",none
805,Draugen,2019,7.2,22,none,Mystery,Nicholas Boulton
806,Blacksad: Under the Skin,2019,8.4,22,none,Mystery,Ramón Hernáez
807,Freeman: Guerrilla Warfare,2018,8.4,22,none,"Action, War",none
808,The Lego Ninjago Movie Videogame,2017,6.0,21,none,"Action, Comedy, Family",Jamie Eden
809,Granny,2018,6.7,21,none,Horror,Dennis Vukanovic
810,The Elder Scrolls: Legends,2017,7.4,21,none,none,Iain McCaig
811,Travis Strikes Again: No More Heroes,2019,7.3,21,none,Action,Suda 51
812,Agar.io,2015,6.1,21,none,Action,none
813,Extinction,2018,4.0,21,none,"Animation, Action, Fantasy",Kraig Kujawa
814,Senran Kagura: Estival Versus,2015,7.6,21,none,"Action, Adventure, Comedy",Ken'ichiro Takaki
815,Fate/Grand Order,2015,7.9,21,none,Action,Akina Abe
816,Blues and Bullets,2015,7.2,21,none,Adventure,Mark Estdale
817,Shin Megami Tensei IV: Apocalypse,2016,7.5,21,none,Action,Satoshi Ooyama
818,Trove: A Voxel Builder MMO,2015,6.1,21,none,none,none
819,Debiruzu sâdo,2015,5.1,21,none,"Action, Adventure, Crime",Tomonobu Itagaki
820,Dancing Girl,2019,1.9,21,none,Action,none
821,Green Hell,2018,5.1,21,none,Adventure,Mike Bodie
822,Silicon Zeroes,2017,8.4,21,none,none,none
823,Thief Simulator,2018,4.3,20,none,"Action, Comedy, Crime",none
824,Moss,2018,8.5,20,none,Adventure,Morla Gorrondona
825,Star Wars 1313,2015,7.5,20,none,Sci-Fi,Dominic Robilliard
826,Ghost of a Tale,2018,8.2,20,none,Adventure,Lionel Gallat
827,Echo,2017,7.2,20,none,"Action, Sci-Fi, Thriller",Martin Emborg
828,Portal Knights,2016,6.0,20,none,Action,none
829,Mobile Legends: Bang Bang,2016,6.7,20,none,"Action, Adventure, Fantasy",Kai Yu
830,Ultimate Chicken Horse,2016,8.2,20,none,none,none
831,SpellForce 3,2017,8.6,20,none,Fantasy,Jennifer Armour
832,The Invisible Hours,2017,8.0,20,none,Mystery,Raúl Rubio Munárriz
833,.hack//G.U. Last Recode,2017,7.8,20,none,"Animation, Action, Drama",Hiroshi Matsuyama
834,WRC 5: FIA World Rally Championship,2015,6.5,20,none,Sport,none
835,WRC 6,2017,6.5,20,none,Sport,Ott Tänak
836,Bear with Me: Episode Two,2017,8.3,20,none,"Adventure, Horror, Mystery",Hrvoje Maros
837,Pac-Man 256,2015,7.2,20,none,Action,none
838,Don't Starve: Shipwrecked,2016,8.7,20,none,none,none
839,The Evil Within: The Consequence,2015,7.1,20,none,Action,none
840,Futurama: Game of Drones,2016,7.5,20,none,"Comedy, Sci-Fi",John DiMaggio
841,Lara Croft: Relic Run,2015,7.8,20,none,"Action, Adventure",Abigail Stahlschmidt
842,God Eater 2: Rage Burst,2015,7.0,20,12,"Action, Adventure, Sci-Fi",Kou Yoshimura
843,Chroma: Sexy Hentai Girls,2018,6.2,20,none,none,none
844,Millennium Falcon: Smugglers Run,2019,6.9,20,none,"Adventure, Sci-Fi",Jim Cummings
845,Kingdom Rush Frontiers,2016,8.6,19,none,Fantasy,Alvaro Azofra
846,Prey: Mooncrash,2018,6.7,19,none,"Action, Sci-Fi, Thriller",Ricardo Bare
847,VA-11 Hall-A,2016,8.2,19,14,Sci-Fi,none
848,Doragonbôru rejenzu,2018,8.3,19,none,Action,Morgan Berry
849,Rising Storm 2: Vietnam,2017,7.5,19,none,War,Taylor Brooks
850,Space Hulk: Deathwing,2016,7.4,19,16,"Action, Sci-Fi, Thriller",Jonathan Cacherat
851,Miitopia,2016,8.1,19,none,"Adventure, Fantasy, Romance",Yuichiro Ito
852,Dragon Quest Heroes II,2016,7.4,19,none,"Adventure, Family, Fantasy",Tomohiko Sho
853,Event 0,2016,7.4,19,none,"Adventure, Sci-Fi, Thriller",Emmanuel Corno
854,The Evil Within: The Assignment,2015,6.9,19,none,Action,none
855,Star Trek Timelines,2016,7.5,19,none,Sci-Fi,Nicole de Boer
856,White Night,2015,7.4,19,none,"Horror, Mystery, Thriller",Rob King
857,Superliminal,2019,8.3,19,none,Adventure,Albert Shih
858,Ai: Somuniumu Fairu,2019,8.3,19,none,"Adventure, Crime, Mystery",Kotaro Uchikoshi
859,The Walking Dead: The Telltale Definitive Series,2019,8.1,19,none,Horror,none
860,Power & Revolution: Geopolitical Simulator 4,2019,6.2,19,none,"Action, War",none
861,Life is Feudal: Forest Village,2017,5.2,19,none,Action,none
862,Mordhau,2019,6.9,19,none,"Action, War",none
863,Pokemon masutâzu,2019,6.3,19,none,Animation,Takahiro Kawai
864,Salt and Sanctuary,2016,7.9,18,none,"Action, Adventure, Horror",none
865,Final Fantasy XV: Episode Ardyn,2019,7.4,18,none,"Action, Adventure",Toru Osanai
866,Just Dance 2019,2018,7.2,18,Livre,"Family, Music",none
867,Kona,2017,7.3,19,none,"Adventure, Horror, Mystery",Guy Nadon
868,The Beast Inside,2019,7.3,18,none,Horror,Lukasz Smaga
869,Blaster Master Zero,2017,6.4,18,none,"Action, Adventure, Sci-Fi",Satoru Nishizawa
870,Slither.io,2016,6.1,18,none,Family,none
871,Berserk and the Band of the Hawk,2016,6.8,18,none,"Action, Fantasy",Satomi Arai
872,The Angry Video Game Nerd Adventures II: ASSimilation,2016,7.6,18,none,"Action, Adventure, Comedy",Chad James
873,Animal Crossing: Amiibo Festival,2015,3.1,18,none,"Adventure, Comedy, Family",Aya Kyogoku
874,Terminator Genisys: Revolution,2015,4.0,18,none,Sci-Fi,none
875,Star Wars: Uprising,2015,7.5,18,none,"Fantasy, Sci-Fi",Kody Sabourin
876,Ion Maiden,2019,7.8,18,none,"Action, Comedy, Crime",Richard Gobeille
877,Demon's Rise - Lords of Chaos,2018,8.7,18,none,"Action, Adventure, Fantasy",none
878,Rabbit Burn,2018,2.0,18,none,Action,none
879,Legends of Dawn Reborn,2015,1.9,18,none,"Action, Adventure, Fantasy",none
880,Play with Kizami,2018,6.2,18,none,Romance,none
881,Mario & Luigi RPG3 DX,2018,7.1,17,none,"Action, Fantasy",Shunsuke Kobayashi
882,Moonlighter,2018,6.7,17,none,"Action, Adventure, Fantasy",David Fernández
883,Persona 3: Dancing Moon Night,2018,8.3,17,none,"Family, Music",Nobuyoshi Miwa
884,Orwell: Ignorance Is Strength,2018,6.3,17,none,Adventure,Mat Dwyer
885,Rules of Survival,2017,7.8,17,none,Action,none
886,Star Trek: Bridge Crew,2017,7.8,17,none,"Adventure, Family, Sci-Fi",Brian Tate
887,New Minna No Golf,2017,7.8,17,none,Sport,none
888,White Day: A Labyrinth Named School,2017,7.2,17,none,Horror,Lee Wonsool
889,Goosebumps: The Game,2015,5.7,17,none,Mystery,none
890,Boku no hîrô akademia: Sumasshu tappu,2017,8.4,17,none,Action,none
891,Beyond Despair,2017,7.0,17,none,Horror,Jeni Dean
892,Through the Woods,2016,6.5,17,none,"Adventure, Horror",none
893,Maize,2016,7.1,17,none,Adventure,Tony Daniels
894,Os Cavaleiros do Zodíaco: Alma dos Soldados,2015,8.1,17,none,"Action, Adventure, Fantasy",none
895,God Eater: Resurrection,2015,6.2,17,none,"Action, Adventure, Sci-Fi",Hiroshi Yoshimura
896,The Evil Within: The Executioner,2015,6.1,17,none,Action,none
897,Stasis,2015,7.4,17,none,"Horror, Sci-Fi",Christopher Bischoff
898,Gravity Daze 2,2017,7.7,17,none,Action,none
899,Tembo the Badass Elephant,2015,6.2,17,none,"Action, Comedy, Fantasy",James Turner
900,Fragments of Him,2016,6.8,17,none,"Drama, Romance",Mata Haggis
901,Dex,2015,7.4,17,none,Sci-Fi,Jan Jirkovský
902,Seduce Me,2015,8.5,17,none,Romance,Michaela Laws
903,OlliOlli2: Welcome to Olliwood,2015,5.9,17,none,Action,none
904,Darksiders Genesis,2019,8.3,17,none,Action,Joe Madureira
905,River City Girls,2019,7.4,17,none,Action,Adam Tierney
906,Trine 4: The Nightmare Prince,2019,8.1,17,none,"Action, Adventure, Family",none
907,Totally Accurate Battle Simulator,2019,8.2,17,none,"Action, Comedy, War",none
908,Kingdom Rush Origins,2017,8.6,16,none,Fantasy,Alvaro Azofra
909,Doragon kuesuto birudâzu 2: Hakaishin Shidô to karappo no shima,2018,8.2,16,none,Adventure,Kazuya Ninou
910,Total War Saga: Thrones of Britannia,2018,7.2,16,none,"History, War",Jack Lusted
911,Tricky Towers,2016,6.6,16,none,Fantasy,Samar Louwe
912,Hidden Folks,2017,7.9,16,none,none,none
913,Everything,2017,8.1,16,none,"Adventure, Drama, Sci-Fi",David O'Reilly
914,Layton's Mystery Journey: Katrielle and the Millionaires' Conspiracy,2017,6.8,16,none,"Action, Crime, Mystery",Akihiro Hino
915,Valley,2016,7.6,16,none,Adventure,Alex Tintor
916,Re: Zero kara hajimeru isekai seikatsu: Death or Kiss,2017,7.9,16,none,"Adventure, Comedy, Fantasy",none
917,Paradigm,2017,8.3,16,none,"Adventure, Comedy, Drama",Jacob Janerka
918,Home Sweet Home,2017,6.6,16,none,Horror,Saroot Tubloy
919,Postal Redux,2016,7.6,16,none,Action,Rick Hunter
920,Rambo the Video Game: Baker Team,2016,4.2,16,none,Action,Piotr Latocha
921,Boku no hîrô akademia: Batoru fô ôru,2016,7.6,16,none,"Animation, Action",none
922,Fat Princess Adventures,2015,6.6,16,none,Action,James D. Mortellaro
923,Flying Tigers: Shadows Over China,2017,8.6,16,none,"Action, Adventure, History",Björn Larsson
924,Volume,2015,7.1,16,none,Action,Mike Bithell
925,Speedy Sanic,2015,8.3,16,none,Adventure,Joseph Wharmby
926,Jurassic World: The Game,2015,7.1,16,none,"Action, Adventure",none
927,Conker's Big Reunion,2015,6.3,16,none,"Action, Adventure",Chris Seavor
928,The Incredible Adventures of Van Helsing III,2015,6.7,16,none,Adventure,John Nelson
929,Project X Zone 2,2015,8.0,16,none,"Action, Adventure, Comedy",Souichirou Morizumi
930,Little Misfortune,2019,8.3,16,none,"Adventure, Horror",Natalia Figueroa
931,Grid,2019,6.5,16,none,"Action, Adventure",Christopher Dane
932,Deliver Us The Moon: Fortuna,2018,7.3,15,none,"Action, Adventure, Sci-Fi",Koen Deetman
933,35MM,2016,6.9,15,none,"Adventure, Drama, Horror",Sergey Noskov
934,Death's Gambit,2018,6.6,15,none,Action,Matthew Mercer
935,Manual Samuel,2016,6.8,15,none,Adventure,Ozan Drøsdal
936,Sega Genesis Classics,2018,8.1,15,none,Action,none
937,Copong,2016,8.4,15,none,Animation,Pedram Goshtasbpour
938,Shadow Fight 3,2017,7.8,15,none,Action,none
939,The Count Lucanor,2016,7.6,15,none,Horror,Clement Caignart
940,Shuyan Saga,2017,7.6,15,none,Action,Leigh Cameron
941,Barbie and Her Sisters: Puppy Rescue,2015,6.2,15,none,Family,Wes Swales
942,Hacknet,2015,6.7,15,none,none,none
943,Wilson's Heart,2017,7.1,15,none,"Adventure, Mystery, Thriller",Josh Bear
944,Ever Oasis,2017,8.3,15,none,Action,Kôichi Ishii
945,Dead or Alive Xtreme 3,2016,6.5,15,none,"Action, Adventure, Family",Yohei Shimbori
946,Teenage Mutant Ninja Turtles: Portal Power,2016,6.3,15,none,Action,Seth Green
947,Dropsy,2015,8.0,15,none,Adventure,Jesse Bull
948,Jurassic Park Arcade,2015,7.3,15,none,"Action, Adventure, Sci-Fi",none
949,Dead Synchronicity,2015,6.7,15,none,Adventure,Jeremiah Costello
950,Oath of Genesis,2015,4.5,15,none,"Action, Adventure, Fantasy",Keval Pandya
951,Zombie Vikings,2015,6.3,15,none,"Action, Adventure, Comedy",Andreas Beijer
952,Stranger Things VR,2017,8.0,15,none,Thriller,George Bloom
953,Harry Potter: Wizards Unite,2019,7.3,15,none,Fantasy,Kyle McCarley
954,Lego Worlds,2017,5.7,15,Livre,"Adventure, Family",John Hodskinson
955,The Storm Guard: Darkness is Coming,2016,7.8,15,none,"Action, Adventure, Fantasy",none
956,11-11: Memories Retold,2018,7.7,14,none,"Drama, War",Yoan Fanise
957,The First Tree,2017,6.7,14,none,Adventure,David Wehle
958,Hades,2018,8.6,14,none,Action,Logan Cunningham
959,Arena of Valor,2016,7.9,14,none,Animation,Ashley Adler
960,The Pillars of the Earth,2017,8.2,14,16,Adventure,Matthias Kempke
961,PUBG Global Invitational Berlin 2018,2018,4.5,14,none,Game-Show,Pasquale Roedel
962,Mario + Rabbids Kingdom Battle: Donkey Kong Adventure,2018,7.2,14,none,Adventure,Davide Soliani
963,Jotun,2015,6.3,14,none,Adventure,Will Dubé
964,Resident Evil: Origins Collection,2016,7.6,14,none,"Action, Fantasy, Horror",none
965,Accounting+,2017,7.6,14,none,"Adventure, Comedy, Horror",William Pugh
966,My Summer Car,2016,8.1,14,none,"Comedy, Sport",Johannes Rojola
967,Cubots: The Origins,2017,7.9,14,none,Adventure,Mahesh Athirala
968,The Letter,2017,8.4,14,none,Horror,Amber Lee Connors
969,Deus Ex Go,2016,7.5,14,none,none,none
970,Fe,2018,7.7,14,none,"Adventure, Fantasy",Andreas Beijer
971,Abo Khashem,2018,6.4,14,none,Game-Show,Daniel Lindgren
972,The Fifth Expedition,2016,2.4,14,none,Action,Georg Andreas Gerhard Scharfenberg
973,Dracula: Collection,2016,8.0,14,none,Horror,Paul Barrett
974,Gemini: Heroes Reborn,2016,7.4,14,none,none,Brian T. Delaney
975,Anima: Gate of Memories,2016,8.4,14,none,Adventure,John Joseph Archer II
976,WWE Immortals,2015,7.7,14,none,Action,none
977,Avengers: Damage Control,2019,6.2,14,none,Action,Benedict Cumberbatch
978,Asphalt 9: Legends,2018,7.3,14,none,Action,none
979,American Fugitive,2019,6.4,14,none,"Action, Adventure, Crime",none
980,One Punch Man: Road to Hero,2019,6.8,14,none,Action,Makoto Furukawa
981,Anno 1800,2019,7.6,14,none,none,Dirk Riegert
982,While True: Learn(),2018,5.4,14,none,none,none
983,Displaced,2017,8.1,14,none,"Action, Drama",none
984,Pokémon Quest,2018,4.6,13,none,Adventure,Tetsuya Watanabe
985,Don't Knock Twice,2017,3.9,13,none,Horror,Dai Banner
986,Sayonara Wild Hearts,2019,8.4,13,none,Action,none
987,Tales from Candlekeep: Tomb of Annihilation,2017,5.5,13,none,Fantasy,none
988,Baldur's Gate: Siege of Dragonspear,2016,6.5,13,none,"Action, Adventure, Fantasy",Trent Oster
989,Golf Story,2017,7.5,13,none,"Adventure, Sport",none
990,BOMBARIKA,2018,7.8,13,none,Adventure,Mahesh Athirala
991,Arizona Sunshine,2016,7.5,13,none,Horror,Richard Stitselaar
992,Unforgiving: A Northern Hymn,2017,6.5,13,none,Horror,Victor Jonsson
993,Tabletop Simulator,2015,8.2,13,none,none,none
994,Rory McIlroy PGA Tour,2015,7.5,13,none,Sport,Rory McIlroy
995,Psychonauts in the Rhombus of Ruin,2017,7.4,13,none,"Adventure, Sci-Fi",Tim Schafer
996,Starbo,2018,8.4,13,none,"Adventure, Horror",David Örneklint
997,Piano Tiles 2,2015,7.0,13,none,"Family, Music",none
998,Luigi's Mansion: Arcade,2015,8.0,13,none,"Action, Adventure, Family",Charles Martinet
999,Starpoint Gemini Warlords,2017,8.5,13,none,Sci-Fi,Tomislav Mihokovic
